{
    "D018357": [
        "Respiratory Syncytial Virus Infections"
    ],
    "D009976": [
        "Orthomyxoviridae Infections"
    ],
    "D009374": [
        "Neoplasms, Experimental"
    ],
    "D001847": [
        "Bone Diseases"
    ],
    "D001848": [
        "Bone Diseases, Developmental"
    ],
    "D013122": [
        "Spinal Diseases"
    ],
    "D012600": [
        "Scoliosis"
    ],
    "D007592": [
        "Joint Diseases"
    ],
    "D003092": [
        "Colitis"
    ],
    "D007079": [
        "Ileitis"
    ],
    "D005234": [
        "Fatty Liver"
    ],
    "D008103": [
        "Liver Cirrhosis"
    ],
    "D050500": [
        "Pancreatitis, Chronic"
    ],
    "D016388": [
        "Tooth Loss"
    ],
    "D019217": [
        "Tooth Attrition"
    ],
    "D008171": [
        "Lung Diseases"
    ],
    "D001927": [
        "Brain Diseases"
    ],
    "D002547": [
        "Cerebral Palsy"
    ],
    "D003704": [
        "Dementia"
    ],
    "D000544": [
        "Alzheimer Disease"
    ],
    "D020329": [
        "Essential Tremor"
    ],
    "D021081": [
        "Chronobiology Disorders"
    ],
    "D019636": [
        "Neurodegenerative Diseases"
    ],
    "D009468": [
        "Neuromuscular Diseases"
    ],
    "D007319": [
        "Sleep Initiation and Maintenance Disorders"
    ],
    "D002386": [
        "Cataract"
    ],
    "D007248": [
        "Infertility, Male"
    ],
    "D000026": [
        "Abortion, Habitual"
    ],
    "D009202": [
        "Cardiomyopathies"
    ],
    "D006323": [
        "Heart Arrest"
    ],
    "D017202": [
        "Myocardial Ischemia"
    ],
    "D003324": [
        "Coronary Artery Disease"
    ],
    "D014652": [
        "Vascular Diseases"
    ],
    "D050197": [
        "Atherosclerosis"
    ],
    "D006973": [
        "Hypertension"
    ],
    "D000015": [
        "Abnormalities, Multiple"
    ],
    "D030342": [
        "Genetic Diseases, Inborn"
    ],
    "D003240": [
        "Connective Tissue Diseases"
    ],
    "D003095": [
        "Collagen Diseases"
    ],
    "D012595": [
        "Scleroderma, Systemic"
    ],
    "D045743": [
        "Scleroderma, Diffuse"
    ],
    "D012871": [
        "Skin Diseases"
    ],
    "D006201": [
        "Hair Diseases"
    ],
    "D014820": [
        "Vitiligo"
    ],
    "D006943": [
        "Hyperglycemia"
    ],
    "D007333": [
        "Insulin Resistance"
    ],
    "D024821": [
        "Metabolic Syndrome X"
    ],
    "D006949": [
        "Hyperlipidemias"
    ],
    "D015228": [
        "Hypertriglyceridemia"
    ],
    "D028361": [
        "Mitochondrial Diseases"
    ],
    "D014808": [
        "Vitamin D Deficiency"
    ],
    "D000303": [
        "Adrenal Cortex Diseases"
    ],
    "D001327": [
        "Autoimmune Diseases"
    ],
    "D006547": [
        "Hernia"
    ],
    "D003645": [
        "Death, Sudden"
    ],
    "D020022": [
        "Genetic Predisposition to Disease"
    ],
    "D042822": [
        "Genomic Instability"
    ],
    "D005911": [
        "Gliosis"
    ],
    "D006130": [
        "Growth Disorders"
    ],
    "D007249": [
        "Inflammation"
    ],
    "D007511": [
        "Ischemia"
    ],
    "D009389": [
        "Neovascularization, Pathologic"
    ],
    "D009410": [
        "Nerve Degeneration"
    ],
    "D019973": [
        "Alcohol-Related Disorders"
    ],
    "D000437": [
        "Alcoholism"
    ],
    "D001265": [
        "Athletic Injuries"
    ],
    "D011832": [
        "Radiation Injuries"
    ],
    "D011833": [
        "Radiation Injuries, Experimental"
    ],
    "D002006": [
        "Brucellosis"
    ],
    "D009956": [
        "Psittacosis"
    ],
    "D014435": [
        "Typhoid Fever"
    ],
    "D016481": [
        "Helicobacter Infections"
    ],
    "D008589": [
        "Meningococcal Infections"
    ],
    "D014406": [
        "Tularemia"
    ],
    "D004165": [
        "Diphtheria"
    ],
    "D007918": [
        "Leprosy"
    ],
    "D014376": [
        "Tuberculosis"
    ],
    "D013742": [
        "Tetanus"
    ],
    "D013203": [
        "Staphylococcal Infections"
    ],
    "D007239": [
        "Infection"
    ],
    "D010229": [
        "Paracoccidioidomycosis"
    ],
    "D009181": [
        "Mycoses"
    ],
    "D006660": [
        "Histoplasmosis"
    ],
    "D004660": [
        "Encephalitis"
    ],
    "D003586": [
        "Cytomegalovirus Infections"
    ],
    "D006480": [
        "Hemorrhagic Fever with Renal Syndrome"
    ],
    "D004443": [
        "Echinococcosis"
    ],
    "D014201": [
        "Trematode Infections"
    ],
    "D009889": [
        "Opisthorchiasis"
    ],
    "D012552": [
        "Schistosomiasis"
    ],
    "D000562": [
        "Amebiasis"
    ],
    "D014123": [
        "Toxoplasmosis"
    ],
    "D007898": [
        "Leishmaniasis, Visceral"
    ],
    "D014353": [
        "Trypanosomiasis, African"
    ],
    "D008288": [
        "Malaria"
    ],
    "D016778": [
        "Malaria, Falciparum"
    ],
    "D014245": [
        "Trichomonas Infections"
    ],
    "D003884": [
        "Dermoid Cyst"
    ],
    "D007938": [
        "Leukemia"
    ],
    "D007951": [
        "Leukemia, Myeloid"
    ],
    "D015470": [
        "Leukemia, Myeloid, Acute"
    ],
    "D015473": [
        "Leukemia, Promyelocytic, Acute"
    ],
    "D008067": [
        "Lipoma"
    ],
    "D009232": [
        "Myxoma"
    ],
    "D007889": [
        "Leiomyoma"
    ],
    "D007890": [
        "Leiomyosarcoma"
    ],
    "D009217": [
        "Myosarcoma"
    ],
    "D018237": [
        "Germinoma"
    ],
    "D003397": [
        "Craniopharyngioma"
    ],
    "D005910": [
        "Glioma"
    ],
    "D008545": [
        "Melanoma"
    ],
    "D009442": [
        "Neurilemmoma"
    ],
    "D013724": [
        "Teratoma"
    ],
    "D000236": [
        "Adenoma"
    ],
    "D002277": [
        "Carcinoma"
    ],
    "D000230": [
        "Adenocarcinoma"
    ],
    "D002294": [
        "Carcinoma, Squamous Cell"
    ],
    "D012186": [
        "Retroperitoneal Neoplasms"
    ],
    "D006258": [
        "Head and Neck Neoplasms"
    ],
    "D005153": [
        "Facial Neoplasms"
    ],
    "D009378": [
        "Neoplasms, Multiple Primary"
    ],
    "D010257": [
        "Paraneoplastic Syndromes"
    ],
    "D013167": [
        "Spondylitis, Ankylosing"
    ],
    "D005208": [
        "Fasciitis"
    ],
    "D001168": [
        "Arthritis"
    ],
    "D010003": [
        "Osteoarthritis"
    ],
    "D003286": [
        "Contracture"
    ],
    "D009212": [
        "Myoglobinuria"
    ],
    "D001660": [
        "Biliary Tract Diseases"
    ],
    "D001657": [
        "Biliary Dyskinesia"
    ],
    "D002769": [
        "Cholelithiasis"
    ],
    "D002764": [
        "Cholecystitis"
    ],
    "D005767": [
        "Gastrointestinal Diseases"
    ],
    "D005764": [
        "Gastroesophageal Reflux"
    ],
    "D004941": [
        "Esophagitis"
    ],
    "D003093": [
        "Colitis, Ulcerative"
    ],
    "D005756": [
        "Gastritis"
    ],
    "D003424": [
        "Crohn Disease"
    ],
    "D007410": [
        "Intestinal Diseases"
    ],
    "D002429": [
        "Cecal Diseases"
    ],
    "D010437": [
        "Peptic Ulcer"
    ],
    "D004381": [
        "Duodenal Ulcer"
    ],
    "D007443": [
        "Intussusception"
    ],
    "D013272": [
        "Stomach Diseases"
    ],
    "D008107": [
        "Liver Diseases"
    ],
    "D006505": [
        "Hepatitis"
    ],
    "D010188": [
        "Exocrine Pancreatic Insufficiency"
    ],
    "D029424": [
        "Pulmonary Disease, Chronic Obstructive"
    ],
    "D011014": [
        "Pneumonia"
    ],
    "D002916": [
        "Chylothorax"
    ],
    "D010998": [
        "Pleurisy"
    ],
    "D012131": [
        "Respiratory Insufficiency"
    ],
    "D001342": [
        "Autonomic Nervous System Diseases"
    ],
    "D002493": [
        "Central Nervous System Diseases"
    ],
    "D001480": [
        "Basal Ganglia Diseases"
    ],
    "D010300": [
        "Parkinson Disease"
    ],
    "D010301": [
        "Parkinson Disease, Postencephalitic"
    ],
    "D001925": [
        "Brain Damage, Chronic"
    ],
    "D004827": [
        "Epilepsy"
    ],
    "D004828": [
        "Epilepsies, Partial"
    ],
    "D004829": [
        "Epilepsy, Generalized"
    ],
    "D008881": [
        "Migraine Disorders"
    ],
    "D006849": [
        "Hydrocephalus"
    ],
    "D013786": [
        "Thalamic Diseases"
    ],
    "D009069": [
        "Movement Disorders"
    ],
    "D013118": [
        "Spinal Cord Diseases"
    ],
    "D003389": [
        "Cranial Nerve Diseases"
    ],
    "D003711": [
        "Demyelinating Diseases"
    ],
    "D010523": [
        "Peripheral Nervous System Diseases"
    ],
    "D020968": [
        "Brachial Plexus Neuritis"
    ],
    "D011115": [
        "Polyneuropathies"
    ],
    "D006970": [
        "Disorders of Excessive Somnolence"
    ],
    "D007634": [
        "Keratitis"
    ],
    "D001763": [
        "Blepharoptosis"
    ],
    "D009845": [
        "Oligospermia"
    ],
    "D011470": [
        "Prostatic Hyperplasia"
    ],
    "D011472": [
        "Prostatitis"
    ],
    "D011248": [
        "Pregnancy Complications"
    ],
    "D010922": [
        "Placenta Diseases"
    ],
    "D011644": [
        "Puerperal Disorders"
    ],
    "D006331": [
        "Heart Diseases"
    ],
    "D006322": [
        "Heart Aneurysm"
    ],
    "D006333": [
        "Heart Failure"
    ],
    "D003327": [
        "Coronary Disease"
    ],
    "D003323": [
        "Coronary Aneurysm"
    ],
    "D009203": [
        "Myocardial Infarction"
    ],
    "D054556": [
        "Venous Thromboembolism"
    ],
    "D007022": [
        "Hypotension"
    ],
    "D014657": [
        "Vasculitis"
    ],
    "D006402": [
        "Hematologic Diseases"
    ],
    "D000740": [
        "Anemia"
    ],
    "D000741": [
        "Anemia, Aplastic"
    ],
    "D000743": [
        "Anemia, Hemolytic"
    ],
    "D000747": [
        "Anemia, Hypochromic"
    ],
    "D000749": [
        "Anemia, Megaloblastic"
    ],
    "D004802": [
        "Eosinophilia"
    ],
    "D008206": [
        "Lymphatic Diseases"
    ],
    "D008199": [
        "Lymphadenitis"
    ],
    "D012507": [
        "Sarcoidosis"
    ],
    "D013158": [
        "Splenic Diseases"
    ],
    "D011164": [
        "Porphyrias"
    ],
    "D005076": [
        "Exanthema"
    ],
    "D000506": [
        "Alopecia Areata"
    ],
    "D017495": [
        "Hyperpigmentation"
    ],
    "D011565": [
        "Psoriasis"
    ],
    "D006934": [
        "Hypercalcemia"
    ],
    "D006946": [
        "Hyperinsulinism"
    ],
    "D007003": [
        "Hypoglycemia"
    ],
    "D000686": [
        "Amyloidosis"
    ],
    "D006955": [
        "Hypernatremia"
    ],
    "D007008": [
        "Hypokalemia"
    ],
    "D007010": [
        "Hyponatremia"
    ],
    "D009748": [
        "Nutrition Disorders"
    ],
    "D003677": [
        "Deficiency Diseases"
    ],
    "D001361": [
        "Avitaminosis"
    ],
    "D001206": [
        "Ascorbic Acid Deficiency"
    ],
    "D014806": [
        "Vitamin B 12 Deficiency"
    ],
    "D008275": [
        "Magnesium Deficiency"
    ],
    "D011488": [
        "Protein Deficiency"
    ],
    "D000307": [
        "Adrenal Gland Diseases"
    ],
    "D000309": [
        "Adrenal Insufficiency"
    ],
    "D003480": [
        "Cushing Syndrome"
    ],
    "D003926": [
        "Diabetic Coma"
    ],
    "D006961": [
        "Hyperparathyroidism"
    ],
    "D013959": [
        "Thyroid Diseases"
    ],
    "D006042": [
        "Goiter"
    ],
    "D006980": [
        "Hyperthyroidism"
    ],
    "D013958": [
        "Thyroid Crisis"
    ],
    "D007037": [
        "Hypothyroidism"
    ],
    "D016736": [
        "Antiphospholipid Syndrome"
    ],
    "D006967": [
        "Hypersensitivity"
    ],
    "D006968": [
        "Hypersensitivity, Delayed"
    ],
    "D005512": [
        "Food Hypersensitivity"
    ],
    "D019966": [
        "Substance-Related Disorders"
    ],
    "D006406": [
        "Hematoma"
    ],
    "D008599": [
        "Menstruation Disturbances"
    ],
    "D000568": [
        "Amenorrhea"
    ],
    "D009336": [
        "Necrosis"
    ],
    "D011183": [
        "Postoperative Complications"
    ],
    "D008305": [
        "Malignant Hyperthermia"
    ],
    "D011604": [
        "Psychoses, Alcoholic"
    ],
    "D002249": [
        "Carbon Monoxide Poisoning"
    ],
    "D007855": [
        "Lead Poisoning"
    ],
    "D011605": [
        "Psychoses, Substance-Induced"
    ],
    "D013375": [
        "Substance Withdrawal Syndrome"
    ],
    "D002056": [
        "Burns"
    ],
    "D001630": [
        "Bezoars"
    ],
    "D013978": [
        "Tibial Fractures"
    ],
    "D001424": [
        "Bacterial Infections"
    ],
    "D016905": [
        "Gram-Negative Bacterial Infections"
    ],
    "D016873": [
        "Ehrlichiosis"
    ],
    "D016866": [
        "Bacteroidaceae Infections"
    ],
    "D001442": [
        "Bacteroides Infections"
    ],
    "D001474": [
        "Bartonella Infections"
    ],
    "D014205": [
        "Trench Fever"
    ],
    "D001899": [
        "Borrelia Infections"
    ],
    "D008193": [
        "Lyme Disease"
    ],
    "D012061": [
        "Relapsing Fever"
    ],
    "D019121": [
        "Burkholderia Infections"
    ],
    "D008554": [
        "Melioidosis"
    ],
    "D002169": [
        "Campylobacter Infections"
    ],
    "D023521": [
        "Chlamydophila Infections"
    ],
    "D004756": [
        "Enterobacteriaceae Infections"
    ],
    "D004927": [
        "Escherichia coli Infections"
    ],
    "D007710": [
        "Klebsiella Infections"
    ],
    "D011512": [
        "Proteus Infections"
    ],
    "D012480": [
        "Salmonella Infections"
    ],
    "D010284": [
        "Paratyphoid Fever"
    ],
    "D016868": [
        "Serratia Infections"
    ],
    "D015009": [
        "Yersinia Infections"
    ],
    "D010930": [
        "Plague"
    ],
    "D015012": [
        "Yersinia pseudotuberculosis Infections"
    ],
    "D005674": [
        "Fusobacterium Infections"
    ],
    "D011906": [
        "Rat-Bite Fever"
    ],
    "D007922": [
        "Leptospirosis"
    ],
    "D014895": [
        "Weil Disease"
    ],
    "D000151": [
        "Acinetobacter Infections"
    ],
    "D009180": [
        "Mycoplasmatales Infections"
    ],
    "D009175": [
        "Mycoplasma Infections"
    ],
    "D016869": [
        "Ureaplasma Infections"
    ],
    "D016870": [
        "Neisseriaceae Infections"
    ],
    "D000189": [
        "Actinobacillus Infections"
    ],
    "D006192": [
        "Haemophilus Infections"
    ],
    "D010326": [
        "Pasteurella Infections"
    ],
    "D011552": [
        "Pseudomonas Infections"
    ],
    "D011778": [
        "Q Fever"
    ],
    "D012288": [
        "Rickettsiaceae Infections"
    ],
    "D012282": [
        "Rickettsia Infections"
    ],
    "D001907": [
        "Boutonneuse Fever"
    ],
    "D012373": [
        "Rocky Mountain Spotted Fever"
    ],
    "D014437": [
        "Typhus, Endemic Flea-Borne"
    ],
    "D014438": [
        "Typhus, Epidemic Louse-Borne"
    ],
    "D012612": [
        "Scrub Typhus"
    ],
    "D014211": [
        "Treponemal Infections"
    ],
    "D002601": [
        "Chancre"
    ],
    "D013592": [
        "Syphilis, Latent"
    ],
    "D014735": [
        "Vibrio Infections"
    ],
    "D002771": [
        "Cholera"
    ],
    "D016908": [
        "Gram-Positive Bacterial Infections"
    ],
    "D000193": [
        "Actinomycetales Infections"
    ],
    "D000196": [
        "Actinomycosis"
    ],
    "D003354": [
        "Corynebacterium Infections"
    ],
    "D009164": [
        "Mycobacterium Infections"
    ],
    "D015440": [
        "Leprosy, Lepromatous"
    ],
    "D015439": [
        "Leprosy, Borderline"
    ],
    "D009165": [
        "Mycobacterium Infections, Atypical"
    ],
    "D015270": [
        "Mycobacterium avium-intracellulare Infection"
    ],
    "D014375": [
        "Tuberculoma"
    ],
    "D014388": [
        "Tuberculosis, Lymph Node"
    ],
    "D014391": [
        "Tuberculosis, Miliary"
    ],
    "D018088": [
        "Tuberculosis, Multidrug-Resistant"
    ],
    "D009617": [
        "Nocardia Infections"
    ],
    "D000881": [
        "Anthrax"
    ],
    "D003015": [
        "Clostridium Infections"
    ],
    "D005738": [
        "Gas Gangrene"
    ],
    "D008088": [
        "Listeriosis"
    ],
    "D013290": [
        "Streptococcal Infections"
    ],
    "D011008": [
        "Pneumococcal Infections"
    ],
    "D012541": [
        "Scarlet Fever"
    ],
    "D010000": [
        "Osteitis"
    ],
    "D055499": [
        "Catheter-Related Infections"
    ],
    "D003141": [
        "Communicable Diseases"
    ],
    "D021821": [
        "Communicable Diseases, Emerging"
    ],
    "D017714": [
        "Community-Acquired Infections"
    ],
    "D005490": [
        "Focal Infection"
    ],
    "D034161": [
        "Pelvic Infection"
    ],
    "D018461": [
        "Soft Tissue Infections"
    ],
    "D018784": [
        "Abdominal Abscess"
    ],
    "D016659": [
        "Psoas Abscess"
    ],
    "D014115": [
        "Toxemia"
    ],
    "D014946": [
        "Wound Infection"
    ],
    "D001228": [
        "Aspergillosis"
    ],
    "D002177": [
        "Candidiasis"
    ],
    "D003047": [
        "Coccidioidomycosis"
    ],
    "D003453": [
        "Cryptococcosis"
    ],
    "D016881": [
        "Microsporidiosis"
    ],
    "D020096": [
        "Zygomycosis"
    ],
    "D009091": [
        "Mucormycosis"
    ],
    "D001102": [
        "Arbovirus Infections"
    ],
    "D003715": [
        "Dengue"
    ],
    "D019595": [
        "Dengue Hemorrhagic Fever"
    ],
    "D010217": [
        "Phlebotomus Fever"
    ],
    "D003121": [
        "Colorado Tick Fever"
    ],
    "D006479": [
        "Hemorrhagic Fever, Crimean"
    ],
    "D015004": [
        "Yellow Fever"
    ],
    "D008582": [
        "Meningitis, Aseptic"
    ],
    "D009187": [
        "Myelitis"
    ],
    "D000257": [
        "Adenoviridae Infections"
    ],
    "D000258": [
        "Adenovirus Infections, Human"
    ],
    "D006566": [
        "Herpesviridae Infections"
    ],
    "D002644": [
        "Chickenpox"
    ],
    "D020031": [
        "Epstein-Barr Virus Infections"
    ],
    "D006562": [
        "Herpes Zoster"
    ],
    "D019349": [
        "Roseolovirus Infections"
    ],
    "D030361": [
        "Papillomavirus Infections"
    ],
    "D010322": [
        "Parvoviridae Infections"
    ],
    "D011213": [
        "Poxviridae Infections"
    ],
    "D015605": [
        "Cowpox"
    ],
    "D012899": [
        "Smallpox"
    ],
    "D014615": [
        "Vaccinia"
    ],
    "D012327": [
        "RNA Virus Infections"
    ],
    "D006478": [
        "Hemorrhagic Fever, American"
    ],
    "D007835": [
        "Lassa Fever"
    ],
    "D019350": [
        "Astroviridae Infections"
    ],
    "D002044": [
        "Bunyaviridae Infections"
    ],
    "D018778": [
        "Hantavirus Infections"
    ],
    "D017250": [
        "Caliciviridae Infections"
    ],
    "D006482": [
        "Hemorrhagic Fevers, Viral"
    ],
    "D018184": [
        "Paramyxoviridae Infections"
    ],
    "D008457": [
        "Measles"
    ],
    "D010253": [
        "Respirovirus Infections"
    ],
    "D011818": [
        "Rabies"
    ],
    "D018352": [
        "Coronavirus Infections"
    ],
    "D010850": [
        "Picornaviridae Infections"
    ],
    "D018188": [
        "Cardiovirus Infections"
    ],
    "D004769": [
        "Enterovirus Infections"
    ],
    "D003384": [
        "Coxsackievirus Infections"
    ],
    "D006232": [
        "Hand, Foot and Mouth Disease"
    ],
    "D011000": [
        "Pleurodynia, Epidemic"
    ],
    "D004457": [
        "Echovirus Infections"
    ],
    "D012088": [
        "Reoviridae Infections"
    ],
    "D012400": [
        "Rotavirus Infections"
    ],
    "D012192": [
        "Retroviridae Infections"
    ],
    "D014036": [
        "Togaviridae Infections"
    ],
    "D018354": [
        "Alphavirus Infections"
    ],
    "D012409": [
        "Rubella"
    ],
    "D014412": [
        "Tumor Virus Infections"
    ],
    "D006373": [
        "Helminthiasis"
    ],
    "D013031": [
        "Sparganosis"
    ],
    "D017189": [
        "Enoplida Infections"
    ],
    "D014235": [
        "Trichinellosis"
    ],
    "D014257": [
        "Trichuriasis"
    ],
    "D007816": [
        "Larva Migrans, Visceral"
    ],
    "D001196": [
        "Ascariasis"
    ],
    "D017229": [
        "Enterobiasis"
    ],
    "D013322": [
        "Strongyloidiasis"
    ],
    "D005368": [
        "Filariasis"
    ],
    "D008118": [
        "Loiasis"
    ],
    "D008368": [
        "Mansonelliasis"
    ],
    "D017206": [
        "Strongylida Infections"
    ],
    "D006725": [
        "Hookworm Infections"
    ],
    "D010237": [
        "Paragonimiasis"
    ],
    "D012554": [
        "Schistosomiasis japonica"
    ],
    "D012555": [
        "Schistosomiasis mansoni"
    ],
    "D011528": [
        "Protozoan Infections"
    ],
    "D004749": [
        "Entamoebiasis"
    ],
    "D003048": [
        "Coccidiosis"
    ],
    "D021866": [
        "Cyclosporiasis"
    ],
    "D014352": [
        "Trypanosomiasis"
    ],
    "D014355": [
        "Chagas Disease"
    ],
    "D001742": [
        "Blackwater Fever"
    ],
    "D016780": [
        "Malaria, Vivax"
    ],
    "D009198": [
        "Myiasis"
    ],
    "D007000": [
        "Hypodermyiasis"
    ],
    "D013984": [
        "Tick Infestations"
    ],
    "D004814": [
        "Epidermal Cyst"
    ],
    "D009078": [
        "Mucocele"
    ],
    "D010864": [
        "Pilonidal Sinus"
    ],
    "D014496": [
        "Urachal Cyst"
    ],
    "D006222": [
        "Hamartoma"
    ],
    "D015479": [
        "Leukemia, Myelomonocytic, Acute"
    ],
    "D007947": [
        "Leukemia, Megakaryoblastic, Acute"
    ],
    "D007948": [
        "Leukemia, Monocytic, Acute"
    ],
    "D023981": [
        "Sarcoma, Myeloid"
    ],
    "D008202": [
        "Lymphangioma"
    ],
    "D018191": [
        "Lymphangioma, Cystic"
    ],
    "D008949": [
        "Adenoma, Pleomorphic"
    ],
    "D018196": [
        "Carcinoma, Adenosquamous"
    ],
    "D002296": [
        "Carcinosarcoma"
    ],
    "D002279": [
        "Carcinoma 256, Walker"
    ],
    "D018202": [
        "Pulmonary Blastoma"
    ],
    "D018335": [
        "Rhabdoid Tumor"
    ],
    "D018207": [
        "Angiomyolipoma"
    ],
    "D008080": [
        "Liposarcoma"
    ],
    "D018209": [
        "Myelolipoma"
    ],
    "D010016": [
        "Osteoma"
    ],
    "D010017": [
        "Osteoma, Osteoid"
    ],
    "D012516": [
        "Osteosarcoma"
    ],
    "D012512": [
        "Sarcoma, Ewing's"
    ],
    "D005350": [
        "Fibroma"
    ],
    "D018221": [
        "Fibromatosis, Abdominal"
    ],
    "D005354": [
        "Fibrosarcoma"
    ],
    "D051642": [
        "Histiocytoma"
    ],
    "D018219": [
        "Histiocytoma, Benign Fibrous"
    ],
    "D013584": [
        "Sarcoma, Synovial"
    ],
    "D009379": [
        "Neoplasms, Muscle Tissue"
    ],
    "D018231": [
        "Leiomyomatosis"
    ],
    "D012208": [
        "Rhabdomyosarcoma"
    ],
    "D012509": [
        "Sarcoma"
    ],
    "D006394": [
        "Hemangiosarcoma"
    ],
    "D003557": [
        "Phyllodes Tumor"
    ],
    "D012513": [
        "Sarcoma, Experimental"
    ],
    "D012517": [
        "Sarcoma, Yoshida"
    ],
    "D009373": [
        "Neoplasms, Germ Cell and Embryonal"
    ],
    "D004407": [
        "Dysgerminoma"
    ],
    "D018239": [
        "Seminoma"
    ],
    "D001254": [
        "Astrocytoma"
    ],
    "D005909": [
        "Glioblastoma"
    ],
    "D004806": [
        "Ependymoma"
    ],
    "D018316": [
        "Gliosarcoma"
    ],
    "D008527": [
        "Medulloblastoma"
    ],
    "D009447": [
        "Neuroblastoma"
    ],
    "D018358": [
        "Neuroendocrine Tumors"
    ],
    "D002276": [
        "Carcinoid Tumor"
    ],
    "D008303": [
        "Malignant Carcinoid Syndrome"
    ],
    "D008546": [
        "Melanoma, Experimental"
    ],
    "D010235": [
        "Paraganglioma"
    ],
    "D010236": [
        "Paraganglioma, Extra-Adrenal"
    ],
    "D002345": [
        "Carotid Body Tumor"
    ],
    "D010673": [
        "Pheochromocytoma"
    ],
    "D009375": [
        "Neoplasms, Glandular and Epithelial"
    ],
    "D002759": [
        "Adenoma, Bile Duct"
    ],
    "D018254": [
        "Adenomatoid Tumor"
    ],
    "D003537": [
        "Cystadenoma"
    ],
    "D018291": [
        "Cystadenoma, Mucinous"
    ],
    "D008654": [
        "Mesothelioma"
    ],
    "D002282": [
        "Adenocarcinoma, Bronchiolo-Alveolar"
    ],
    "D002288": [
        "Adenocarcinoma, Mucinous"
    ],
    "D000231": [
        "Adenocarcinoma, Papillary"
    ],
    "D018281": [
        "Cholangiocarcinoma"
    ],
    "D018284": [
        "Cystadenocarcinoma, Serous"
    ],
    "D002280": [
        "Carcinoma, Basal Cell"
    ],
    "D002286": [
        "Carcinoma, Ehrlich Tumor"
    ],
    "D002278": [
        "Carcinoma in Situ"
    ],
    "D018288": [
        "Carcinoma, Small Cell"
    ],
    "D002295": [
        "Carcinoma, Transitional Cell"
    ],
    "D011553": [
        "Pseudomyxoma Peritonei"
    ],
    "D018307": [
        "Neoplasms, Squamous Cell"
    ],
    "D010212": [
        "Papilloma"
    ],
    "D009380": [
        "Neoplasms, Nerve Tissue"
    ],
    "D000794": [
        "Angiokeratoma"
    ],
    "D005918": [
        "Glomus Tumor"
    ],
    "D006391": [
        "Hemangioma"
    ],
    "D006390": [
        "Hemangioendothelioma"
    ],
    "D018323": [
        "Hemangioendothelioma, Epithelioid"
    ],
    "D006393": [
        "Hemangiopericytoma"
    ],
    "D000008": [
        "Abdominal Neoplasms"
    ],
    "D008325": [
        "Mammary Neoplasms, Experimental"
    ],
    "D010386": [
        "Pelvic Neoplasms"
    ],
    "D012983": [
        "Soft Tissue Neoplasms"
    ],
    "D013899": [
        "Thoracic Neoplasms"
    ],
    "D003074": [
        "Solitary Pulmonary Nodule"
    ],
    "D009376": [
        "Neoplasms, Hormone-Dependent"
    ],
    "D016609": [
        "Neoplasms, Second Primary"
    ],
    "D010022": [
        "Osteopetrosis"
    ],
    "D010015": [
        "Osteolysis, Essential"
    ],
    "D001862": [
        "Bone Resorption"
    ],
    "D010014": [
        "Osteolysis"
    ],
    "D010001": [
        "Osteitis Deformans"
    ],
    "D010005": [
        "Osteoarthropathy, Secondary Hypertrophic"
    ],
    "D013128": [
        "Spinal Osteophytosis"
    ],
    "D013130": [
        "Spinal Stenosis"
    ],
    "D025242": [
        "Spondylarthropathies"
    ],
    "D001169": [
        "Arthritis, Experimental"
    ],
    "D002805": [
        "Chondrocalcinosis"
    ],
    "D010489": [
        "Periarthritis"
    ],
    "D002062": [
        "Bursitis"
    ],
    "D016916": [
        "Joint Deformities, Acquired"
    ],
    "D013585": [
        "Synovitis"
    ],
    "D009221": [
        "Myositis Ossificans"
    ],
    "D012206": [
        "Rhabdomyolysis"
    ],
    "D013717": [
        "Tenosynovitis"
    ],
    "D001649": [
        "Bile Duct Diseases"
    ],
    "D002779": [
        "Cholestasis"
    ],
    "D001651": [
        "Cholestasis, Extrahepatic"
    ],
    "D002780": [
        "Cholestasis, Intrahepatic"
    ],
    "D002761": [
        "Cholangitis"
    ],
    "D015209": [
        "Cholangitis, Sclerosing"
    ],
    "D003137": [
        "Common Bile Duct Diseases"
    ],
    "D001655": [
        "Bile Reflux"
    ],
    "D005705": [
        "Gallbladder Diseases"
    ],
    "D042101": [
        "Acalculous Cholecystitis"
    ],
    "D041881": [
        "Cholecystitis, Acute"
    ],
    "D041882": [
        "Emphysematous Cholecystitis"
    ],
    "D004935": [
        "Esophageal Diseases"
    ],
    "D004931": [
        "Esophageal Achalasia"
    ],
    "D004932": [
        "Esophageal and Gastric Varices"
    ],
    "D004940": [
        "Esophageal Stenosis"
    ],
    "D005759": [
        "Gastroenteritis"
    ],
    "D011350": [
        "Proctocolitis"
    ],
    "D004403": [
        "Dysentery"
    ],
    "D004751": [
        "Enteritis"
    ],
    "D004382": [
        "Duodenitis"
    ],
    "D004760": [
        "Enterocolitis"
    ],
    "D020345": [
        "Enterocolitis, Necrotizing"
    ],
    "D005758": [
        "Gastritis, Hypertrophic"
    ],
    "D015212": [
        "Inflammatory Bowel Diseases"
    ],
    "D003108": [
        "Colonic Diseases"
    ],
    "D003112": [
        "Colonic Pseudo-Obstruction"
    ],
    "D043963": [
        "Diverticulosis, Colonic"
    ],
    "D008531": [
        "Megacolon"
    ],
    "D012810": [
        "Sigmoid Diseases"
    ],
    "D004378": [
        "Duodenal Diseases"
    ],
    "D004380": [
        "Duodenal Obstruction"
    ],
    "D010439": [
        "Peptic Ulcer Perforation"
    ],
    "D007077": [
        "Ileal Diseases"
    ],
    "D007415": [
        "Intestinal Obstruction"
    ],
    "D045823": [
        "Ileus"
    ],
    "D007418": [
        "Intestinal Pseudo-Obstruction"
    ],
    "D007416": [
        "Intestinal Perforation"
    ],
    "D007579": [
        "Jejunal Diseases"
    ],
    "D012002": [
        "Rectal Diseases"
    ],
    "D001004": [
        "Anus Diseases"
    ],
    "D013276": [
        "Stomach Ulcer"
    ],
    "D013271": [
        "Gastric Dilatation"
    ],
    "D017219": [
        "Gastric Outlet Obstruction"
    ],
    "D011707": [
        "Pyloric Stenosis"
    ],
    "D013277": [
        "Stomach Volvulus"
    ],
    "D020518": [
        "Focal Nodular Hyperplasia"
    ],
    "D017093": [
        "Liver Failure"
    ],
    "D017114": [
        "Liver Failure, Acute"
    ],
    "D006521": [
        "Hepatitis, Chronic"
    ],
    "D010182": [
        "Pancreatic Diseases"
    ],
    "D010195": [
        "Pancreatitis"
    ],
    "D019283": [
        "Pancreatitis, Acute Necrotizing"
    ],
    "D010532": [
        "Peritoneal Diseases"
    ],
    "D002915": [
        "Chylous Ascites"
    ],
    "D011027": [
        "Pneumoperitoneum"
    ],
    "D010485": [
        "Periapical Periodontitis"
    ],
    "D009059": [
        "Mouth Diseases"
    ],
    "D008047": [
        "Lip Diseases"
    ],
    "D019226": [
        "Oral Ulcer"
    ],
    "D010510": [
        "Periodontal Diseases"
    ],
    "D005891": [
        "Gingivitis"
    ],
    "D010518": [
        "Periodontitis"
    ],
    "D012466": [
        "Salivary Gland Diseases"
    ],
    "D010305": [
        "Parotid Diseases"
    ],
    "D010309": [
        "Parotitis"
    ],
    "D012793": [
        "Sialadenitis"
    ],
    "D012798": [
        "Sialorrhea"
    ],
    "D013364": [
        "Submandibular Gland Diseases"
    ],
    "D013280": [
        "Stomatitis"
    ],
    "D013281": [
        "Stomatitis, Aphthous"
    ],
    "D014060": [
        "Tongue Diseases"
    ],
    "D005928": [
        "Glossitis"
    ],
    "D014076": [
        "Tooth Diseases"
    ],
    "D003731": [
        "Dental Caries"
    ],
    "D001982": [
        "Bronchial Diseases"
    ],
    "D016535": [
        "Bronchial Hyperreactivity"
    ],
    "D001986": [
        "Bronchial Spasm"
    ],
    "D001987": [
        "Bronchiectasis"
    ],
    "D001991": [
        "Bronchitis"
    ],
    "D001988": [
        "Bronchiolitis"
    ],
    "D001989": [
        "Bronchiolitis Obliterans"
    ],
    "D018549": [
        "Cryptogenic Organizing Pneumonia"
    ],
    "D001996": [
        "Bronchopneumonia"
    ],
    "D016726": [
        "Plasma Cell Granuloma, Pulmonary"
    ],
    "D006976": [
        "Hypertension, Pulmonary"
    ],
    "D017563": [
        "Lung Diseases, Interstitial"
    ],
    "D054990": [
        "Idiopathic Pulmonary Fibrosis"
    ],
    "D008173": [
        "Lung Diseases, Obstructive"
    ],
    "D055371": [
        "Acute Lung Injury"
    ],
    "D011001": [
        "Pleuropneumonia"
    ],
    "D011015": [
        "Pneumonia, Aspiration"
    ],
    "D011017": [
        "Pneumonia, Lipid"
    ],
    "D011649": [
        "Pulmonary Alveolar Proteinosis"
    ],
    "D001261": [
        "Pulmonary Atelectasis"
    ],
    "D011654": [
        "Pulmonary Edema"
    ],
    "D011656": [
        "Pulmonary Emphysema"
    ],
    "D019568": [
        "Lung, Hyperlucent"
    ],
    "D011658": [
        "Pulmonary Fibrosis"
    ],
    "D012128": [
        "Respiratory Distress Syndrome, Adult"
    ],
    "D010995": [
        "Pleural Diseases"
    ],
    "D006876": [
        "Hydrothorax"
    ],
    "D010996": [
        "Pleural Effusion"
    ],
    "D011030": [
        "Pneumothorax"
    ],
    "D012120": [
        "Respiration Disorders"
    ],
    "D000532": [
        "Altitude Sickness"
    ],
    "D000402": [
        "Airway Obstruction"
    ],
    "D004826": [
        "Epiglottitis"
    ],
    "D014136": [
        "Tracheitis"
    ],
    "D013896": [
        "Thoracic Diseases"
    ],
    "D008477": [
        "Mediastinal Diseases"
    ],
    "D008480": [
        "Mediastinitis"
    ],
    "D014133": [
        "Tracheal Diseases"
    ],
    "D014135": [
        "Tracheal Stenosis"
    ],
    "D004427": [
        "Ear Diseases"
    ],
    "D007759": [
        "Labyrinth Diseases"
    ],
    "D008575": [
        "Meniere Disease"
    ],
    "D007762": [
        "Labyrinthitis"
    ],
    "D010031": [
        "Otitis"
    ],
    "D010033": [
        "Otitis Media"
    ],
    "D010034": [
        "Otitis Media with Effusion"
    ],
    "D000405": [
        "Akinetic Mutism"
    ],
    "D020734": [
        "Parkinsonian Disorders"
    ],
    "D010302": [
        "Parkinson Disease, Secondary"
    ],
    "D001929": [
        "Brain Edema"
    ],
    "D002526": [
        "Cerebellar Diseases"
    ],
    "D007562": [
        "Creutzfeldt-Jakob Syndrome"
    ],
    "D004679": [
        "Encephalomyelitis"
    ],
    "D008590": [
        "Meningoencephalitis"
    ],
    "D004831": [
        "Epilepsies, Myoclonic"
    ],
    "D020190": [
        "Myoclonic Epilepsy, Juvenile"
    ],
    "D017029": [
        "Epilepsy, Complex Partial"
    ],
    "D019305": [
        "Epilepsy, Rolandic"
    ],
    "D004833": [
        "Epilepsy, Temporal Lobe"
    ],
    "D004830": [
        "Epilepsy, Tonic-Clonic"
    ],
    "D013036": [
        "Spasms, Infantile"
    ],
    "D020773": [
        "Headache Disorders"
    ],
    "D020325": [
        "Migraine with Aura"
    ],
    "D007027": [
        "Hypothalamic Diseases"
    ],
    "D002534": [
        "Hypoxia, Brain"
    ],
    "D019586": [
        "Intracranial Hypertension"
    ],
    "D020343": [
        "Hypertensive Encephalopathy"
    ],
    "D054038": [
        "Posterior Leukoencephalopathy Syndrome"
    ],
    "D011559": [
        "Pseudotumor Cerebri"
    ],
    "D013353": [
        "Subdural Effusion"
    ],
    "D008581": [
        "Meningitis"
    ],
    "D013981": [
        "Tic Disorders"
    ],
    "D020434": [
        "Abducens Nerve Diseases"
    ],
    "D020516": [
        "Brachial Plexus Neuropathies"
    ],
    "D020426": [
        "Sciatic Neuropathy"
    ],
    "D009408": [
        "Nerve Compression Syndromes"
    ],
    "D009443": [
        "Neuritis"
    ],
    "D011128": [
        "Polyradiculopathy"
    ],
    "D011843": [
        "Radiculopathy"
    ],
    "D002385": [
        "Cataplexy"
    ],
    "D020187": [
        "REM Sleep Behavior Disorder"
    ],
    "D013009": [
        "Somnambulism"
    ],
    "D003231": [
        "Conjunctivitis"
    ],
    "D007637": [
        "Keratoconjunctivitis"
    ],
    "D014985": [
        "Xerophthalmia"
    ],
    "D003316": [
        "Corneal Diseases"
    ],
    "D015715": [
        "Corneal Edema"
    ],
    "D007640": [
        "Keratoconus"
    ],
    "D005141": [
        "Eyelid Diseases"
    ],
    "D007766": [
        "Lacrimal Apparatus Diseases"
    ],
    "D005901": [
        "Glaucoma"
    ],
    "D009916": [
        "Orbital Diseases"
    ],
    "D005094": [
        "Exophthalmos"
    ],
    "D015878": [
        "Mydriasis"
    ],
    "D009216": [
        "Myopia"
    ],
    "D008268": [
        "Macular Degeneration"
    ],
    "D012173": [
        "Retinitis"
    ],
    "D002825": [
        "Chorioretinitis"
    ],
    "D015882": [
        "Retinal Necrosis Syndrome, Acute"
    ],
    "D015422": [
        "Scleral Diseases"
    ],
    "D015423": [
        "Scleritis"
    ],
    "D015862": [
        "Choroid Diseases"
    ],
    "D002833": [
        "Choroiditis"
    ],
    "D015863": [
        "Iridocyclitis"
    ],
    "D014605": [
        "Uveitis"
    ],
    "D015864": [
        "Panuveitis"
    ],
    "D014606": [
        "Uveitis, Anterior"
    ],
    "D015866": [
        "Uveitis, Posterior"
    ],
    "D005832": [
        "Genital Diseases, Male"
    ],
    "D004823": [
        "Epididymitis"
    ],
    "D010409": [
        "Penile Diseases"
    ],
    "D011469": [
        "Prostatic Diseases"
    ],
    "D007172": [
        "Erectile Dysfunction"
    ],
    "D013086": [
        "Spermatic Cord Torsion"
    ],
    "D005831": [
        "Genital Diseases, Female"
    ],
    "D000291": [
        "Adnexal Diseases"
    ],
    "D005184": [
        "Fallopian Tube Diseases"
    ],
    "D012488": [
        "Salpingitis"
    ],
    "D004716": [
        "Endometritis"
    ],
    "D004715": [
        "Endometriosis"
    ],
    "D007247": [
        "Infertility, Female"
    ],
    "D014591": [
        "Uterine Diseases"
    ],
    "D055112": [
        "Pyometra"
    ],
    "D002577": [
        "Uterine Cervical Diseases"
    ],
    "D014623": [
        "Vaginal Diseases"
    ],
    "D019522": [
        "Vaginal Discharge"
    ],
    "D014627": [
        "Vaginitis"
    ],
    "D014845": [
        "Vulvar Diseases"
    ],
    "D000022": [
        "Abortion, Spontaneous"
    ],
    "D000030": [
        "Abortion, Missed"
    ],
    "D004461": [
        "Eclampsia"
    ],
    "D011225": [
        "Pre-Eclampsia"
    ],
    "D007744": [
        "Obstetric Labor Complications"
    ],
    "D005322": [
        "Fetal Membranes, Premature Rupture"
    ],
    "D007752": [
        "Obstetric Labor, Premature"
    ],
    "D010921": [
        "Placenta Accreta"
    ],
    "D010923": [
        "Placenta Previa"
    ],
    "D018457": [
        "Placenta, Retained"
    ],
    "D011254": [
        "Pregnancy in Diabetics"
    ],
    "D011271": [
        "Pregnancy, Ectopic"
    ],
    "D011269": [
        "Pregnancy, Abdominal"
    ],
    "D011297": [
        "Prenatal Exposure Delayed Effects"
    ],
    "D002305": [
        "Cardiac Tamponade"
    ],
    "D002311": [
        "Cardiomyopathy, Dilated"
    ],
    "D002312": [
        "Cardiomyopathy, Hypertrophic"
    ],
    "D009205": [
        "Myocarditis"
    ],
    "D004696": [
        "Endocarditis"
    ],
    "D006342": [
        "Heart Rupture, Post-Infarction"
    ],
    "D018658": [
        "Ventricular Septal Rupture"
    ],
    "D006349": [
        "Heart Valve Diseases"
    ],
    "D001022": [
        "Aortic Valve Insufficiency"
    ],
    "D001024": [
        "Aortic Valve Stenosis"
    ],
    "D008944": [
        "Mitral Valve Insufficiency"
    ],
    "D008946": [
        "Mitral Valve Stenosis"
    ],
    "D011665": [
        "Pulmonary Valve Insufficiency"
    ],
    "D023921": [
        "Coronary Stenosis"
    ],
    "D003328": [
        "Coronary Thrombosis"
    ],
    "D010490": [
        "Pericardial Effusion"
    ],
    "D010493": [
        "Pericarditis"
    ],
    "D010494": [
        "Pericarditis, Constrictive"
    ],
    "D011660": [
        "Pulmonary Heart Disease"
    ],
    "D018754": [
        "Ventricular Dysfunction"
    ],
    "D054549": [
        "Takotsubo Cardiomyopathy"
    ],
    "D000783": [
        "Aneurysm"
    ],
    "D000784": [
        "Aneurysm, Dissecting"
    ],
    "D017541": [
        "Aneurysm, False"
    ],
    "D017542": [
        "Aneurysm, Ruptured"
    ],
    "D001014": [
        "Aortic Aneurysm"
    ],
    "D017544": [
        "Aortic Aneurysm, Abdominal"
    ],
    "D017545": [
        "Aortic Aneurysm, Thoracic"
    ],
    "D017543": [
        "Iliac Aneurysm"
    ],
    "D000798": [
        "Angiomatosis"
    ],
    "D001018": [
        "Aortic Diseases"
    ],
    "D001025": [
        "Aortitis"
    ],
    "D001157": [
        "Arterial Occlusive Diseases"
    ],
    "D001161": [
        "Arteriosclerosis"
    ],
    "D001162": [
        "Arteriosclerosis Obliterans"
    ],
    "D058729": [
        "Peripheral Arterial Disease"
    ],
    "D013919": [
        "Thromboangiitis Obliterans"
    ],
    "D001167": [
        "Arteritis"
    ],
    "D004692": [
        "Endarteritis"
    ],
    "D019559": [
        "Capillary Leak Syndrome"
    ],
    "D004617": [
        "Embolism"
    ],
    "D004618": [
        "Embolism, Air"
    ],
    "D004620": [
        "Embolism, Fat"
    ],
    "D017700": [
        "Embolism, Cholesterol"
    ],
    "D013923": [
        "Thromboembolism"
    ],
    "D013927": [
        "Thrombosis"
    ],
    "D020246": [
        "Venous Thrombosis"
    ],
    "D013924": [
        "Thrombophlebitis"
    ],
    "D006974": [
        "Hypertension, Malignant"
    ],
    "D016491": [
        "Peripheral Vascular Diseases"
    ],
    "D004916": [
        "Erythromelalgia"
    ],
    "D010689": [
        "Phlebitis"
    ],
    "D011928": [
        "Raynaud Disease"
    ],
    "D056647": [
        "Systemic Vasculitis"
    ],
    "D006457": [
        "Hemoglobinuria, Paroxysmal"
    ],
    "D000748": [
        "Anemia, Macrocytic"
    ],
    "D000753": [
        "Anemia, Refractory"
    ],
    "D000754": [
        "Anemia, Refractory, with Excess of Blasts"
    ],
    "D000756": [
        "Anemia, Sideroblastic"
    ],
    "D001778": [
        "Blood Coagulation Disorders"
    ],
    "D004211": [
        "Disseminated Intravascular Coagulation"
    ],
    "D013920": [
        "Thrombocythemia, Essential"
    ],
    "D013921": [
        "Thrombocytopenia"
    ],
    "D013922": [
        "Thrombocytosis"
    ],
    "D001796": [
        "Blood Protein Disorders"
    ],
    "D007019": [
        "Hypoproteinemia"
    ],
    "D001855": [
        "Bone Marrow Diseases"
    ],
    "D009190": [
        "Myelodysplastic Syndromes"
    ],
    "D009196": [
        "Myeloproliferative Disorders"
    ],
    "D007955": [
        "Leukemoid Reaction"
    ],
    "D055728": [
        "Primary Myelofibrosis"
    ],
    "D006474": [
        "Hemorrhagic Disorders"
    ],
    "D017681": [
        "Hypereosinophilic Syndrome"
    ],
    "D008218": [
        "Lymphocytosis"
    ],
    "D007970": [
        "Leukopenia"
    ],
    "D000380": [
        "Agranulocytosis"
    ],
    "D009503": [
        "Neutropenia"
    ],
    "D018921": [
        "Leukostasis"
    ],
    "D008708": [
        "Methemoglobinemia"
    ],
    "D010198": [
        "Pancytopenia"
    ],
    "D011086": [
        "Polycythemia"
    ],
    "D015614": [
        "Histiocytosis"
    ],
    "D015616": [
        "Histiocytosis, Non-Langerhans-Cell"
    ],
    "D031249": [
        "Erdheim-Chester Disease"
    ],
    "D015618": [
        "Histiocytosis, Sinus"
    ],
    "D051359": [
        "Lymphohistiocytosis, Hemophagocytic"
    ],
    "D020042": [
        "Histiocytic Necrotizing Lymphadenitis"
    ],
    "D008205": [
        "Lymphangitis"
    ],
    "D008209": [
        "Lymphedema"
    ],
    "D004604": [
        "Elephantiasis"
    ],
    "D014608": [
        "Uveoparotid Fever"
    ],
    "D019310": [
        "Pseudolymphoma"
    ],
    "D006971": [
        "Hypersplenism"
    ],
    "D013952": [
        "Thymus Hyperplasia"
    ],
    "D000013": [
        "Congenital Abnormalities"
    ],
    "D000014": [
        "Abnormalities, Drug-Induced"
    ],
    "D025063": [
        "Chromosome Disorders"
    ],
    "D012857": [
        "Situs Inversus"
    ],
    "D010505": [
        "Familial Mediterranean Fever"
    ],
    "D007232": [
        "Infant, Newborn, Diseases"
    ],
    "D001238": [
        "Asphyxia Neonatorum"
    ],
    "D007235": [
        "Infant, Premature, Diseases"
    ],
    "D008178": [
        "Lupus Erythematosus, Cutaneous"
    ],
    "D008179": [
        "Lupus Erythematosus, Discoid"
    ],
    "D008947": [
        "Mixed Connective Tissue Disease"
    ],
    "D017520": [
        "Mucinoses"
    ],
    "D012592": [
        "Scleredema Adultorum"
    ],
    "D015434": [
        "Panniculitis"
    ],
    "D010201": [
        "Panniculitis, Nodular Nonsuppurative"
    ],
    "D000152": [
        "Acne Vulgaris"
    ],
    "D001941": [
        "Breast Diseases"
    ],
    "D003872": [
        "Dermatitis"
    ],
    "D003877": [
        "Dermatitis, Contact"
    ],
    "D003963": [
        "Diaper Rash"
    ],
    "D003873": [
        "Dermatitis, Exfoliative"
    ],
    "D012628": [
        "Dermatitis, Seborrheic"
    ],
    "D004485": [
        "Eczema"
    ],
    "D009450": [
        "Neurodermatitis"
    ],
    "D004892": [
        "Erythema Multiforme"
    ],
    "D016463": [
        "Sweet Syndrome"
    ],
    "D005148": [
        "Facial Dermatoses"
    ],
    "D005533": [
        "Foot Dermatoses"
    ],
    "D005499": [
        "Folliculitis"
    ],
    "D007039": [
        "Hypotrichosis"
    ],
    "D006229": [
        "Hand Dermatoses"
    ],
    "D007636": [
        "Keratoacanthoma"
    ],
    "D007868": [
        "Leg Dermatoses"
    ],
    "D009260": [
        "Nail Diseases"
    ],
    "D010787": [
        "Photosensitivity Disorders"
    ],
    "D011536": [
        "Prurigo"
    ],
    "D011711": [
        "Pyoderma"
    ],
    "D017511": [
        "Pyoderma Gangrenosum"
    ],
    "D012393": [
        "Rosacea"
    ],
    "D012536": [
        "Scalp Dermatoses"
    ],
    "D017444": [
        "Skin Diseases, Papulosquamous"
    ],
    "D017512": [
        "Lichenoid Eruptions"
    ],
    "D017514": [
        "Pityriasis Lichenoides"
    ],
    "D010267": [
        "Parapsoriasis"
    ],
    "D010915": [
        "Pityriasis"
    ],
    "D017445": [
        "Skin Diseases, Vascular"
    ],
    "D012872": [
        "Skin Diseases, Vesiculobullous"
    ],
    "D012883": [
        "Skin Ulcer"
    ],
    "D007871": [
        "Leg Ulcer"
    ],
    "D003668": [
        "Pressure Ulcer"
    ],
    "D013543": [
        "Sweat Gland Diseases"
    ],
    "D016575": [
        "Hidradenitis"
    ],
    "D006945": [
        "Hyperhidrosis"
    ],
    "D007007": [
        "Hypohidrosis"
    ],
    "D008883": [
        "Miliaria"
    ],
    "D008659": [
        "Metabolic Diseases"
    ],
    "D000137": [
        "Acid-Base Imbalance"
    ],
    "D000138": [
        "Acidosis"
    ],
    "D007662": [
        "Ketosis"
    ],
    "D002114": [
        "Calcinosis"
    ],
    "D006996": [
        "Hypocalcemia"
    ],
    "D019190": [
        "Iron Overload"
    ],
    "D006486": [
        "Hemosiderosis"
    ],
    "D014973": [
        "Xanthomatosis"
    ],
    "D010760": [
        "Phosphorus Metabolism Disorders"
    ],
    "D017674": [
        "Hypophosphatemia"
    ],
    "D014883": [
        "Water-Electrolyte Imbalance"
    ],
    "D006947": [
        "Hyperkalemia"
    ],
    "D015362": [
        "Child Nutrition Disorders"
    ],
    "D007228": [
        "Infant Nutrition Disorders"
    ],
    "D044342": [
        "Malnutrition"
    ],
    "D014802": [
        "Vitamin A Deficiency"
    ],
    "D005494": [
        "Folic Acid Deficiency"
    ],
    "D013832": [
        "Thiamine Deficiency"
    ],
    "D026681": [
        "Vitamin B 6 Deficiency"
    ],
    "D011191": [
        "Potassium Deficiency"
    ],
    "D011502": [
        "Protein-Energy Malnutrition"
    ],
    "D013217": [
        "Starvation"
    ],
    "D006944": [
        "Hyperglycemic Hyperosmolar Nonketotic Coma"
    ],
    "D007006": [
        "Hypogonadism"
    ],
    "D010279": [
        "Parathyroid Diseases"
    ],
    "D007011": [
        "Hypoparathyroidism"
    ],
    "D013971": [
        "Thyrotoxicosis"
    ],
    "D013966": [
        "Thyroiditis"
    ],
    "D050031": [
        "Hashimoto Disease"
    ],
    "D013968": [
        "Thyroiditis, Subacute"
    ],
    "D006086": [
        "Graft vs Host Disease"
    ],
    "D006969": [
        "Hypersensitivity, Immediate"
    ],
    "D000707": [
        "Anaphylaxis"
    ],
    "D016269": [
        "Milk Hypersensitivity"
    ],
    "D007105": [
        "Immune Complex Diseases"
    ],
    "D001183": [
        "Arthus Reaction"
    ],
    "D054019": [
        "Immune Reconstitution Inflammatory Syndrome"
    ],
    "D007153": [
        "Immunologic Deficiency Syndromes"
    ],
    "D017074": [
        "Common Variable Immunodeficiency"
    ],
    "D018370": [
        "Leukocyte-Adhesion Deficiency Syndrome"
    ],
    "D019873": [
        "Schnitzler Syndrome"
    ],
    "D002137": [
        "Calculi"
    ],
    "D002828": [
        "Choristoma"
    ],
    "D003251": [
        "Constriction, Pathologic"
    ],
    "D005146": [
        "Facial Asymmetry"
    ],
    "D005402": [
        "Fistula"
    ],
    "D006552": [
        "Hernia, Inguinal"
    ],
    "D006548": [
        "Hernia, Diaphragmatic"
    ],
    "D006551": [
        "Hernia, Hiatal"
    ],
    "D013163": [
        "Splenomegaly"
    ],
    "D011127": [
        "Polyps"
    ],
    "D001201": [
        "Ascites"
    ],
    "D002869": [
        "Chromosome Aberrations"
    ],
    "D009006": [
        "Monosomy"
    ],
    "D048629": [
        "Micronuclei, Chromosome-Defective"
    ],
    "D012729": [
        "Sex Chromosome Aberrations"
    ],
    "D013398": [
        "Sudden Infant Death"
    ],
    "D004194": [
        "Disease"
    ],
    "D000208": [
        "Acute Disease"
    ],
    "D002908": [
        "Chronic Disease"
    ],
    "D016638": [
        "Critical Illness"
    ],
    "D004198": [
        "Disease Susceptibility"
    ],
    "D004200": [
        "Diseases in Twins"
    ],
    "D004630": [
        "Emergencies"
    ],
    "D019066": [
        "Facies"
    ],
    "D007049": [
        "Iatrogenic Disease"
    ],
    "D035583": [
        "Rare Diseases"
    ],
    "D004646": [
        "Emphysema"
    ],
    "D013352": [
        "Subcutaneous Emphysema"
    ],
    "D002921": [
        "Cicatrix"
    ],
    "D000267": [
        "Tissue Adhesions"
    ],
    "D012185": [
        "Retroperitoneal Fibrosis"
    ],
    "D006104": [
        "Granuloma, Plasma Cell"
    ],
    "D005183": [
        "Failure to Thrive"
    ],
    "D006470": [
        "Hemorrhage"
    ],
    "D016063": [
        "Blood Loss, Surgical"
    ],
    "D019106": [
        "Postoperative Hemorrhage"
    ],
    "D012771": [
        "Shock, Hemorrhagic"
    ],
    "D006932": [
        "Hyperbilirubinemia"
    ],
    "D033461": [
        "Hyperuricemia"
    ],
    "D020896": [
        "Hypovolemia"
    ],
    "D000210": [
        "Acute-Phase Reaction"
    ],
    "D012700": [
        "Serositis"
    ],
    "D018746": [
        "Systemic Inflammatory Response Syndrome"
    ],
    "D007431": [
        "Intraoperative Complications"
    ],
    "D007238": [
        "Infarction"
    ],
    "D020347": [
        "Lithiasis"
    ],
    "D008287": [
        "Malacoplakia"
    ],
    "D011293": [
        "Premenstrual Syndrome"
    ],
    "D005218": [
        "Fat Necrosis"
    ],
    "D005734": [
        "Gangrene"
    ],
    "D009999": [
        "Ossification, Heterotopic"
    ],
    "D013529": [
        "Surgical Wound Dehiscence"
    ],
    "D012769": [
        "Shock"
    ],
    "D009102": [
        "Multiple Organ Failure"
    ],
    "D014456": [
        "Ulcer"
    ],
    "D016710": [
        "Yin Deficiency"
    ],
    "D000382": [
        "Agricultural Workers' Diseases"
    ],
    "D018923": [
        "Persian Gulf Syndrome"
    ],
    "D000435": [
        "Alcoholic Intoxication"
    ],
    "D019969": [
        "Amphetamine-Related Disorders"
    ],
    "D019970": [
        "Cocaine-Related Disorders"
    ],
    "D002189": [
        "Marijuana Abuse"
    ],
    "D006556": [
        "Heroin Dependence"
    ],
    "D009021": [
        "Morphine Dependence"
    ],
    "D013986": [
        "Tick Toxicoses"
    ],
    "D002105": [
        "Cadmium Poisoning"
    ],
    "D064420": [
        "Drug Toxicity"
    ],
    "D020230": [
        "Serotonin Syndrome"
    ],
    "D004881": [
        "Ergotism"
    ],
    "D005517": [
        "Foodborne Diseases"
    ],
    "D005739": [
        "Gas Poisoning"
    ],
    "D010939": [
        "Plant Poisoning"
    ],
    "D015819": [
        "Substance Abuse, Intravenous"
    ],
    "D000007": [
        "Abdominal Injuries"
    ],
    "D000673": [
        "Amputation, Traumatic"
    ],
    "D011885": [
        "Radius Fractures"
    ],
    "D013124": [
        "Spinal Injuries"
    ],
    "D016103": [
        "Spinal Fractures"
    ],
    "D001469": [
        "Barotrauma"
    ],
    "D001753": [
        "Blast Injuries"
    ],
    "D003665": [
        "Decompression Sickness"
    ],
    "D002057": [
        "Burns, Chemical"
    ],
    "D002058": [
        "Burns, Electric"
    ],
    "D002059": [
        "Burns, Inhalation"
    ],
    "D015208": [
        "Smoke Inhalation Injury"
    ],
    "D003288": [
        "Contusions"
    ],
    "D015168": [
        "Lightning Injuries"
    ],
    "D005547": [
        "Foreign Bodies"
    ],
    "D005548": [
        "Foreign-Body Migration"
    ],
    "D050723": [
        "Fractures, Bone"
    ],
    "D005264": [
        "Femoral Fractures"
    ],
    "D005596": [
        "Fractures, Closed"
    ],
    "D005597": [
        "Fractures, Open"
    ],
    "D005598": [
        "Fractures, Spontaneous"
    ],
    "D012253": [
        "Rib Fractures"
    ],
    "D018882": [
        "Heat Stress Disorders"
    ],
    "D006359": [
        "Heat Exhaustion"
    ],
    "D018883": [
        "Heat Stroke"
    ],
    "D013474": [
        "Sunstroke"
    ],
    "D007869": [
        "Leg Injuries"
    ],
    "D018409": [
        "Foot Injuries"
    ],
    "D009104": [
        "Multiple Trauma"
    ],
    "D012652": [
        "Self Mutilation"
    ],
    "D012090": [
        "Cumulative Trauma Disorders"
    ],
    "D013708": [
        "Tendon Injuries"
    ],
    "D013898": [
        "Thoracic Injuries"
    ],
    "D006335": [
        "Heart Injuries"
    ],
    "D014949": [
        "Wounds, Nonpenetrating"
    ],
    "D014950": [
        "Wounds, Penetrating"
    ],
    "D014948": [
        "Wounds, Gunshot"
    ],
    "D014951": [
        "Wounds, Stab"
    ],
    "D016602": [
        "Needlestick Injuries"
    ],
    "D004832": [
        "Epilepsy, Absence"
    ],
    "D013595": [
        "Syringomyelia"
    ],
    "D000471": [
        "Alkalosis"
    ],
    "D014804": [
        "Vitamin B Deficiency"
    ],
    "D022124": [
        "Hyperammonemia"
    ],
    "D006230": [
        "Hand Injuries"
    ],
    "D007942": [
        "Leukemia, Experimental"
    ],
    "D002817": [
        "Chordoma"
    ],
    "D009209": [
        "Myofascial Pain Syndromes"
    ],
    "D005242": [
        "Fecal Incontinence"
    ],
    "D004426": [
        "Ear Deformities, Acquired"
    ],
    "D020211": [
        "Autonomic Dysreflexia"
    ],
    "D017034": [
        "Epilepsy, Frontal Lobe"
    ],
    "D020195": [
        "Epilepsy, Reflex"
    ],
    "D005902": [
        "Glaucoma, Open-Angle"
    ],
    "D047928": [
        "Premature Birth"
    ],
    "D058687": [
        "Out-of-Hospital Cardiac Arrest"
    ],
    "D003329": [
        "Coronary Vasospasm"
    ],
    "D018487": [
        "Ventricular Dysfunction, Left"
    ],
    "D006940": [
        "Hyperemia"
    ],
    "D000140": [
        "Acidosis, Lactic"
    ],
    "D010383": [
        "Pellagra"
    ],
    "D007732": [
        "Kwashiorkor"
    ],
    "D048909": [
        "Diabetes Complications"
    ],
    "D011629": [
        "Puberty, Precocious"
    ],
    "D021184": [
        "Nut Hypersensitivity"
    ],
    "D012773": [
        "Shock, Surgical"
    ],
    "D002252": [
        "Carbon Tetrachloride Poisoning"
    ],
    "D036841": [
        "Ciguatera Poisoning"
    ],
    "D019567": [
        "Back Injuries"
    ],
    "D001734": [
        "Bites, Human"
    ],
    "D015701": [
        "Near Drowning"
    ],
    "D004556": [
        "Electric Injuries"
    ],
    "D006620": [
        "Hip Fractures"
    ],
    "D018460": [
        "Fractures, Comminuted"
    ],
    "D015775": [
        "Fractures, Stress"
    ],
    "D005627": [
        "Frostbite"
    ],
    "D002647": [
        "Chilblains"
    ],
    "D005383": [
        "Finger Injuries"
    ],
    "D016512": [
        "Ankle Injuries"
    ],
    "D003444": [
        "Crush Syndrome"
    ],
    "D002590": [
        "Cestode Infections"
    ],
    "D000238": [
        "Adenoma, Chromophobe"
    ],
    "D002291": [
        "Carcinoma, Papillary"
    ],
    "D007738": [
        "Kyphosis"
    ],
    "D043183": [
        "Irritable Bowel Syndrome"
    ],
    "D013478": [
        "Superior Mesenteric Artery Syndrome"
    ],
    "D006975": [
        "Hypertension, Portal"
    ],
    "D012148": [
        "Restless Legs Syndrome"
    ],
    "D015352": [
        "Dry Eye Syndromes"
    ],
    "D008945": [
        "Mitral Valve Prolapse"
    ],
    "D014648": [
        "Varicose Veins"
    ],
    "D006937": [
        "Hypercholesterolemia"
    ],
    "D000308": [
        "Adrenocortical Hyperfunction"
    ],
    "D006929": [
        "Hyperaldosteronism"
    ],
    "D014314": [
        "Trisomy"
    ],
    "D018194": [
        "Adenomyoma"
    ],
    "D003536": [
        "Cystadenocarcinoma"
    ],
    "D015576": [
        "Hyperostosis"
    ],
    "D015207": [
        "Osteoarthritis, Hip"
    ],
    "D008105": [
        "Liver Cirrhosis, Biliary"
    ],
    "D005757": [
        "Gastritis, Atrophic"
    ],
    "D009066": [
        "Mouth, Edentulous"
    ],
    "D003773": [
        "Dental Plaque"
    ],
    "D014095": [
        "Tooth, Impacted"
    ],
    "D015837": [
        "Vestibular Diseases"
    ],
    "D003607": [
        "Dacryocystitis"
    ],
    "D012164": [
        "Retinal Diseases"
    ],
    "D006831": [
        "Polyhydramnios"
    ],
    "D011666": [
        "Pulmonary Valve Stenosis"
    ],
    "D014694": [
        "Ventricular Outflow Obstruction"
    ],
    "D001015": [
        "Aortic Arch Syndromes"
    ],
    "D006962": [
        "Hyperparathyroidism, Secondary"
    ],
    "D005355": [
        "Fibrosis"
    ],
    "D022125": [
        "Lacerations"
    ],
    "D001885": [
        "Bordetella Infections"
    ],
    "D015441": [
        "Leprosy, Tuberculoid"
    ],
    "D016863": [
        "Bacillaceae Infections"
    ],
    "D013145": [
        "Spirochaetales Infections"
    ],
    "D018173": [
        "Circoviridae Infections"
    ],
    "D027601": [
        "Polyomavirus Infections"
    ],
    "D001117": [
        "Arenaviridae Infections"
    ],
    "D018175": [
        "Birnaviridae Infections"
    ],
    "D018186": [
        "Pneumovirus Infections"
    ],
    "D003333": [
        "Coronaviridae Infections"
    ],
    "D004169": [
        "Diphyllobothriasis"
    ],
    "D006925": [
        "Hymenolepiasis"
    ],
    "D013622": [
        "Taeniasis"
    ],
    "D009349": [
        "Nematode Infections"
    ],
    "D001198": [
        "Ascaridiasis"
    ],
    "D010123": [
        "Oxyuriasis"
    ],
    "D004320": [
        "Dracunculiasis"
    ],
    "D000724": [
        "Ancylostomiasis"
    ],
    "D009332": [
        "Necatoriasis"
    ],
    "D009814": [
        "Oesophagostomiasis"
    ],
    "D014252": [
        "Trichostrongyloidiasis"
    ],
    "D006188": [
        "Haemonchiasis"
    ],
    "D014253": [
        "Trichostrongylosis"
    ],
    "D004451": [
        "Echinostomiasis"
    ],
    "D012523": [
        "Sarcocystosis"
    ],
    "D004478": [
        "Ectoparasitic Infestations"
    ],
    "D013955": [
        "Thyroglossal Cyst"
    ],
    "D007939": [
        "Leukemia L1210"
    ],
    "D007941": [
        "Leukemia P388"
    ],
    "D018197": [
        "Hepatoblastoma"
    ],
    "D002812": [
        "Chondroma"
    ],
    "D002813": [
        "Chondrosarcoma"
    ],
    "D018212": [
        "Giant Cell Tumor of Bone"
    ],
    "D012515": [
        "Mast-Cell Sarcoma"
    ],
    "D000232": [
        "Adenofibroma"
    ],
    "D018226": [
        "Fibroadenoma"
    ],
    "D009214": [
        "Myoma"
    ],
    "D012511": [
        "Sarcoma 37"
    ],
    "D012510": [
        "Sarcoma 180"
    ],
    "D017599": [
        "Neuroectodermal Tumors"
    ],
    "D018302": [
        "Neoplasms, Neuroepithelial"
    ],
    "D005729": [
        "Ganglioneuroma"
    ],
    "D018276": [
        "Carcinoma, Medullary"
    ],
    "D018256": [
        "Adenomatous Polyps"
    ],
    "D018293": [
        "Cystadenoma, Serous"
    ],
    "D018263": [
        "Adenocarcinoma, Follicular"
    ],
    "D002293": [
        "Adenocarcinoma, Scirrhous"
    ],
    "D002285": [
        "Carcinoma, Intraductal, Noninfiltrating"
    ],
    "D018277": [
        "Carcinoma, Mucoepidermoid"
    ],
    "D018290": [
        "Cervical Intraepithelial Neoplasia"
    ],
    "D019048": [
        "Prostatic Intraepithelial Neoplasia"
    ],
    "D002287": [
        "Carcinoma, Krebs 2"
    ],
    "D018287": [
        "Carcinoma, Large Cell"
    ],
    "D018827": [
        "Carcinoma, Lewis Lung"
    ],
    "D018312": [
        "Sex Cord-Gonadal Stromal Tumors"
    ],
    "D009463": [
        "Neuroma"
    ],
    "D009506": [
        "Nevus"
    ],
    "D011230": [
        "Precancerous Conditions"
    ],
    "D002806": [
        "Chondrodysplasia Punctata"
    ],
    "D005357": [
        "Fibrous Dysplasia of Bone"
    ],
    "D005359": [
        "Fibrous Dysplasia, Polyostotic"
    ],
    "D006957": [
        "Hyperostosis Frontalis Interna"
    ],
    "D010026": [
        "Osteosclerosis"
    ],
    "D017760": [
        "Bone Malalignment"
    ],
    "D004839": [
        "Epiphyses, Slipped"
    ],
    "D005096": [
        "Exostoses"
    ],
    "D012544": [
        "Scheuermann Disease"
    ],
    "D007873": [
        "Legg-Perthes Disease"
    ],
    "D055959": [
        "Intervertebral Disk Degeneration"
    ],
    "D013121": [
        "Spinal Curvatures"
    ],
    "D008141": [
        "Lordosis"
    ],
    "D013168": [
        "Spondylolisthesis"
    ],
    "D036981": [
        "Fasciitis, Plantar"
    ],
    "D005530": [
        "Foot Deformities"
    ],
    "D005531": [
        "Foot Deformities, Acquired"
    ],
    "D006215": [
        "Hallux Valgus"
    ],
    "D037081": [
        "Posterior Tibial Tendon Dysfunction"
    ],
    "D000844": [
        "Ankylosis"
    ],
    "D020370": [
        "Osteoarthritis, Knee"
    ],
    "D001177": [
        "Arthropathy, Neurogenic"
    ],
    "D007593": [
        "Joint Instability"
    ],
    "D015154": [
        "Esophageal Motility Disorders"
    ],
    "D004942": [
        "Esophagitis, Peptic"
    ],
    "D003109": [
        "Colonic Diseases, Functional"
    ],
    "D011006": [
        "Pneumatosis Cystoides Intestinalis"
    ],
    "D011504": [
        "Protein-Losing Enteropathies"
    ],
    "D008106": [
        "Liver Cirrhosis, Experimental"
    ],
    "D005882": [
        "Gingival Diseases"
    ],
    "D019214": [
        "Gingival Overgrowth"
    ],
    "D005885": [
        "Gingival Hyperplasia"
    ],
    "D055113": [
        "Chronic Periodontitis"
    ],
    "D010514": [
        "Periodontal Pocket"
    ],
    "D014085": [
        "Tooth Migration"
    ],
    "D014987": [
        "Xerostomia"
    ],
    "D013282": [
        "Stomatitis, Denture"
    ],
    "D008260": [
        "Macroglossia"
    ],
    "D003784": [
        "Dental Pulp Calcification"
    ],
    "D003789": [
        "Dental Pulp Exposure"
    ],
    "D009050": [
        "Fluorosis, Dental"
    ],
    "D008310": [
        "Malocclusion"
    ],
    "D003769": [
        "Dental Occlusion, Traumatic"
    ],
    "D008311": [
        "Malocclusion, Angle Class I"
    ],
    "D008312": [
        "Malocclusion, Angle Class II"
    ],
    "D014075": [
        "Tooth Discoloration"
    ],
    "D014072": [
        "Tooth Abrasion"
    ],
    "D014077": [
        "Tooth Erosion"
    ],
    "D014091": [
        "Tooth Resorption"
    ],
    "D012391": [
        "Root Resorption"
    ],
    "D015834": [
        "Cochlear Diseases"
    ],
    "D010040": [
        "Otosclerosis"
    ],
    "D002422": [
        "Causalgia"
    ],
    "D012019": [
        "Reflex Sympathetic Dystrophy"
    ],
    "D019578": [
        "Multiple System Atrophy"
    ],
    "D020774": [
        "Pick Disease of the Brain"
    ],
    "D004678": [
        "Encephalomalacia"
    ],
    "D017096": [
        "Prion Diseases"
    ],
    "D009134": [
        "Muscular Atrophy, Spinal"
    ],
    "D020437": [
        "Hypoglossal Nerve Diseases"
    ],
    "D016472": [
        "Motor Neuron Disease"
    ],
    "D010244": [
        "Bulbar Palsy, Progressive"
    ],
    "D024801": [
        "Tauopathies"
    ],
    "D020511": [
        "Neuromuscular Junction Diseases"
    ],
    "D020422": [
        "Mononeuropathies"
    ],
    "D020423": [
        "Median Neuropathy"
    ],
    "D020919": [
        "Sleep Disorders, Intrinsic"
    ],
    "D009290": [
        "Narcolepsy"
    ],
    "D020923": [
        "REM Sleep Parasomnias"
    ],
    "D003229": [
        "Conjunctival Diseases"
    ],
    "D016510": [
        "Corneal Neovascularization"
    ],
    "D003318": [
        "Corneal Opacity"
    ],
    "D001762": [
        "Blepharitis"
    ],
    "D001035": [
        "Aphakia"
    ],
    "D001036": [
        "Aphakia, Postcataract"
    ],
    "D009798": [
        "Ocular Hypertension"
    ],
    "D012030": [
        "Refractive Errors"
    ],
    "D001251": [
        "Astigmatism"
    ],
    "D006956": [
        "Hyperopia"
    ],
    "D012162": [
        "Retinal Degeneration"
    ],
    "D011317": [
        "Priapism"
    ],
    "D018783": [
        "Impotence, Vasculogenic"
    ],
    "D052776": [
        "Female Urogenital Diseases"
    ],
    "D004714": [
        "Endometrial Hyperplasia"
    ],
    "D014848": [
        "Vulvovaginitis"
    ],
    "D000033": [
        "Abortion, Threatened"
    ],
    "D017359": [
        "HELLP Syndrome"
    ],
    "D000037": [
        "Abruptio Placentae"
    ],
    "D001946": [
        "Breech Presentation"
    ],
    "D004420": [
        "Dystocia"
    ],
    "D016104": [
        "Oligohydramnios"
    ],
    "D010927": [
        "Placental Insufficiency"
    ],
    "D011273": [
        "Pregnancy, Prolonged"
    ],
    "D019052": [
        "Depression, Postpartum"
    ],
    "D004719": [
        "Endomyocardial Fibrosis"
    ],
    "D054144": [
        "Heart Failure, Diastolic"
    ],
    "D006341": [
        "Heart Rupture"
    ],
    "D017566": [
        "Microvascular Angina"
    ],
    "D018497": [
        "Ventricular Dysfunction, Right"
    ],
    "D058246": [
        "Prehypertension"
    ],
    "D013684": [
        "Telangiectasis"
    ],
    "D014689": [
        "Venous Insufficiency"
    ],
    "D001791": [
        "Blood Platelet Disorders"
    ],
    "D034141": [
        "Hypoalbuminemia"
    ],
    "D019851": [
        "Thrombophilia"
    ],
    "D001506": [
        "Beckwith-Wiedemann Syndrome"
    ],
    "D005348": [
        "Fibrocystic Breast Disease"
    ],
    "D006177": [
        "Gynecomastia"
    ],
    "D017453": [
        "Dermatitis, Irritant"
    ],
    "D017484": [
        "Dermatitis, Phototoxic"
    ],
    "D016523": [
        "Foot Ulcer"
    ],
    "D006983": [
        "Hypertrichosis"
    ],
    "D007642": [
        "Keratosis"
    ],
    "D002145": [
        "Callosities"
    ],
    "D008548": [
        "Melanosis"
    ],
    "D000052": [
        "Acanthosis Nigricans"
    ],
    "D007911": [
        "Lentigo"
    ],
    "D002115": [
        "Calciphylaxis"
    ],
    "D044882": [
        "Glucose Metabolism Disorders"
    ],
    "D018149": [
        "Glucose Intolerance"
    ],
    "D019189": [
        "Iron Metabolism Disorders"
    ],
    "D052439": [
        "Lipid Metabolism Disorders"
    ],
    "D050171": [
        "Dyslipidemias"
    ],
    "D006951": [
        "Hyperlipoproteinemias"
    ],
    "D054559": [
        "Hyperphosphatemia"
    ],
    "D019282": [
        "Wasting Syndrome"
    ],
    "D006986": [
        "Hypervitaminosis A"
    ],
    "D002796": [
        "Choline Deficiency"
    ],
    "D012257": [
        "Riboflavin Deficiency"
    ],
    "D001602": [
        "Beriberi"
    ],
    "D014811": [
        "Vitamin E Deficiency"
    ],
    "D044343": [
        "Overnutrition"
    ],
    "D056128": [
        "Obesity, Abdominal"
    ],
    "D005058": [
        "Eunuchism"
    ],
    "D011628": [
        "Puberty, Delayed"
    ],
    "D005067": [
        "Euthyroid Sick Syndromes"
    ],
    "D006043": [
        "Goiter, Endemic"
    ],
    "D006981": [
        "Hyperthyroxinemia"
    ],
    "D018382": [
        "Thyroid Hormone Resistance Syndrome"
    ],
    "D021183": [
        "Peanut Hypersensitivity"
    ],
    "D010842": [
        "Pica"
    ],
    "D001284": [
        "Atrophy"
    ],
    "D004108": [
        "Dilatation, Pathologic"
    ],
    "D006550": [
        "Hernia, Femoral"
    ],
    "D006555": [
        "Hernia, Ventral"
    ],
    "D006553": [
        "Hernia, Obturator"
    ],
    "D006984": [
        "Hypertrophy"
    ],
    "D009264": [
        "Nails, Malformed"
    ],
    "D058225": [
        "Plaque, Amyloid"
    ],
    "D058226": [
        "Plaque, Atherosclerotic"
    ],
    "D007417": [
        "Intestinal Polyps"
    ],
    "D003111": [
        "Colonic Polyps"
    ],
    "D020257": [
        "Ventricular Remodeling"
    ],
    "D019457": [
        "Chromosome Breakage"
    ],
    "D024182": [
        "Uniparental Disomy"
    ],
    "D014997": [
        "XYY Karyotype"
    ],
    "D014178": [
        "Translocation, Genetic"
    ],
    "D051799": [
        "Delayed Graft Function"
    ],
    "D006965": [
        "Hyperplasia"
    ],
    "D009839": [
        "Oligomenorrhea"
    ],
    "D008679": [
        "Metaplasia"
    ],
    "D006083": [
        "Graft Occlusion, Vascular"
    ],
    "D016711": [
        "Yang Deficiency"
    ],
    "D009293": [
        "Opioid-Related Disorders"
    ],
    "D005458": [
        "Fluoride Poisoning"
    ],
    "D009145": [
        "Mushroom Poisoning"
    ],
    "D008630": [
        "Mercury Poisoning"
    ],
    "D015651": [
        "Mycotoxicosis"
    ],
    "D007842": [
        "Lathyrism"
    ],
    "D014029": [
        "Tobacco Use Disorder"
    ],
    "D005543": [
        "Forearm Injuries"
    ],
    "D014458": [
        "Ulna Fractures"
    ],
    "D006810": [
        "Humeral Fractures"
    ],
    "D014954": [
        "Wrist Injuries"
    ],
    "D005265": [
        "Femoral Neck Fractures"
    ],
    "D050815": [
        "Fractures, Compression"
    ],
    "D005599": [
        "Fractures, Ununited"
    ],
    "D011542": [
        "Pseudarthrosis"
    ],
    "D058866": [
        "Osteoporotic Fractures"
    ],
    "D050724": [
        "Fractures, Cartilage"
    ],
    "D007718": [
        "Knee Injuries"
    ],
    "D019838": [
        "Neck Injuries"
    ],
    "D014911": [
        "Whiplash Injuries"
    ],
    "D017695": [
        "Soft Tissue Injuries"
    ],
    "D013180": [
        "Sprains and Strains"
    ],
    "D014262": [
        "Tricuspid Valve Insufficiency"
    ],
    "D012010": [
        "Red-Cell Aplasia, Pure"
    ],
    "D018242": [
        "Neuroectodermal Tumors, Primitive"
    ],
    "D009508": [
        "Nevus, Pigmented"
    ],
    "D006227": [
        "Hand Deformities, Acquired"
    ],
    "D019773": [
        "Epiretinal Membrane"
    ],
    "D012163": [
        "Retinal Detachment"
    ],
    "D012167": [
        "Retinal Perforations"
    ],
    "D006848": [
        "Testicular Hydrocele"
    ],
    "D052065": [
        "Vaginismus"
    ],
    "D002581": [
        "Uterine Cervical Incompetence"
    ],
    "D000027": [
        "Abortion, Incomplete"
    ],
    "D011274": [
        "Pregnancy, Tubal"
    ],
    "D004695": [
        "Endocardial Fibroelastosis"
    ],
    "D011026": [
        "Pneumopericardium"
    ],
    "D019320": [
        "Embolism, Paradoxical"
    ],
    "D049292": [
        "Leukoaraiosis"
    ],
    "D012598": [
        "Sclerosis"
    ],
    "D010623": [
        "Phencyclidine Abuse"
    ],
    "D012784": [
        "Shoulder Fractures"
    ],
    "D051677": [
        "Histiocytoma, Malignant Fibrous"
    ],
    "D006044": [
        "Goiter, Nodular"
    ],
    "D054969": [
        "Primary Dysautonomias"
    ],
    "D003551": [
        "Cysticercosis"
    ],
    "D000182": [
        "ACTH Syndrome, Ectopic"
    ],
    "D019449": [
        "Pouchitis"
    ],
    "D018781": [
        "Tension-Type Headache"
    ],
    "D020428": [
        "Femoral Neuropathy"
    ],
    "D055677": [
        "Refeeding Syndrome"
    ],
    "D018353": [
        "Rhabdoviridae Infections"
    ],
    "D008924": [
        "Mite Infestations"
    ],
    "D008637": [
        "Mesenchymoma"
    ],
    "D018200": [
        "Mixed Tumor, Mullerian"
    ],
    "D005870": [
        "Giant Cell Tumors"
    ],
    "D018222": [
        "Fibromatosis, Aggressive"
    ],
    "D008039": [
        "Linitis Plastica"
    ],
    "D018279": [
        "Carcinoma, Signet Ring Cell"
    ],
    "D018322": [
        "Angiofibroma"
    ],
    "D004057": [
        "Hyperostosis, Diffuse Idiopathic Skeletal"
    ],
    "D015155": [
        "Esophageal Spasm, Diffuse"
    ],
    "D045723": [
        "Diverticulosis, Esophageal"
    ],
    "D046729": [
        "Colitis, Collagenous"
    ],
    "D011349": [
        "Proctitis"
    ],
    "D005244": [
        "Fecal Impaction"
    ],
    "D044483": [
        "Intestinal Polyposis"
    ],
    "D046248": [
        "Pyloric Stenosis, Hypertrophic"
    ],
    "D010483": [
        "Periapical Diseases"
    ],
    "D006872": [
        "Hydropneumothorax"
    ],
    "D020961": [
        "Lewy Body Disease"
    ],
    "D020427": [
        "Peroneal Neuropathies"
    ],
    "D020920": [
        "Dyssomnias"
    ],
    "D015812": [
        "Glaucoma, Angle-Closure"
    ],
    "D015841": [
        "Enophthalmos"
    ],
    "D012594": [
        "Scleroderma, Localized"
    ],
    "D017492": [
        "Keratosis, Seborrheic"
    ],
    "D046449": [
        "Hernia, Abdominal"
    ],
    "D014102": [
        "Torsion Abnormality"
    ],
    "D006431": [
        "Hemobilia"
    ],
    "D049291": [
        "Seroma"
    ],
    "D012422": [
        "Rupture, Spontaneous"
    ],
    "D013479": [
        "Superior Vena Cava Syndrome"
    ],
    "D014264": [
        "Tricuspid Valve Stenosis"
    ],
    "D018455": [
        "Protein S Deficiency"
    ],
    "D012207": [
        "Rhabdomyoma"
    ],
    "D020918": [
        "Complex Regional Pain Syndromes"
    ],
    "D014847": [
        "Vulvitis"
    ],
    "D001020": [
        "Aortic Stenosis, Subvalvular"
    ],
    "D011662": [
        "Pulmonary Subvalvular Stenosis"
    ],
    "D013436": [
        "Sulfhemoglobinemia"
    ],
    "D008200": [
        "Lymphangiectasis"
    ],
    "D009794": [
        "Ochronosis"
    ],
    "D013985": [
        "Tick Paralysis"
    ],
    "D012421": [
        "Rupture"
    ],
    "D005401": [
        "Fissure in Ano"
    ],
    "D002012": [
        "Bruxism"
    ],
    "D020821": [
        "Dystonic Disorders"
    ],
    "D017496": [
        "Hypopigmentation"
    ],
    "D018404": [
        "Isochromosomes"
    ],
    "D046628": [
        "Sphincter of Oddi Dysfunction"
    ],
    "D056650": [
        "Vulvodynia"
    ],
    "D001134": [
        "Arm Injuries"
    ],
    "D000314": [
        "Adrenal Rest Tumor"
    ],
    "D051299": [
        "Post-Dural Puncture Headache"
    ],
    "D049950": [
        "Hyperparathyroidism, Primary"
    ],
    "D006850": [
        "Hydrocephalus, Normal Pressure"
    ],
    "D040181": [
        "Genetic Diseases, X-Linked"
    ],
    "D055397": [
        "Ventilator-Induced Lung Injury"
    ],
    "D020326": [
        "Migraine without Aura"
    ],
    "D009837": [
        "Oligodendroglioma"
    ],
    "D013581": [
        "Synovial Cyst"
    ],
    "D046788": [
        "Patellofemoral Pain Syndrome"
    ],
    "D011186": [
        "Postphlebitic Syndrome"
    ],
    "D056887": [
        "Pelvic Organ Prolapse"
    ],
    "D018267": [
        "Carcinoma, Acinar Cell"
    ],
    "D002804": [
        "Chondroblastoma"
    ],
    "D054363": [
        "Solitary Fibrous Tumor, Pleural"
    ],
    "D018325": [
        "Hemangioblastoma"
    ],
    "D004687": [
        "Enchondromatosis"
    ],
    "D008557": [
        "Melorheostosis"
    ],
    "D008538": [
        "Meige Syndrome"
    ],
    "D020425": [
        "Radial Neuropathy"
    ],
    "D013641": [
        "Tarsal Tunnel Syndrome"
    ],
    "D020424": [
        "Ulnar Neuropathies"
    ],
    "D001764": [
        "Blepharospasm"
    ],
    "D046748": [
        "Hematoma, Epidural, Spinal"
    ],
    "D014855": [
        "Wallerian Degeneration"
    ],
    "D025981": [
        "Hip Injuries"
    ],
    "D018241": [
        "Neuroectodermal Tumors, Primitive, Peripheral"
    ],
    "D045464": [
        "Henipavirus Infections"
    ],
    "D051270": [
        "Headache Disorders, Primary"
    ],
    "D053447": [
        "Channelopathies"
    ],
    "D005352": [
        "Fibromuscular Dysplasia"
    ],
    "D007925": [
        "Leriche Syndrome"
    ],
    "D020083": [
        "Acquired Hyperostosis Syndrome"
    ],
    "D002781": [
        "Cholesteatoma"
    ],
    "D020232": [
        "Kluver-Bucy Syndrome"
    ],
    "D018206": [
        "Angiolipoma"
    ],
    "D018303": [
        "Ganglioglioma"
    ],
    "D018329": [
        "Nevus, Blue"
    ],
    "D055009": [
        "Spondylosis"
    ],
    "D020751": [
        "Alcohol-Induced Disorders"
    ],
    "D020938": [
        "Epilepsy, Partial, Motor"
    ],
    "D020436": [
        "Accessory Nerve Diseases"
    ],
    "D020432": [
        "Trochlear Nerve Diseases"
    ],
    "D046649": [
        "Hematoma, Subdural, Spinal"
    ],
    "D018315": [
        "Glioma, Subependymal"
    ],
    "D031368": [
        "Zoster Sine Herpete"
    ],
    "D018215": [
        "Osteoblastoma"
    ],
    "D009263": [
        "Nails, Ingrown"
    ],
    "D006461": [
        "Hemolysis"
    ],
    "D017759": [
        "Fractures, Malunited"
    ],
    "D001100": [
        "Arachnoiditis"
    ],
    "D019585": [
        "Intracranial Hypotension"
    ],
    "D018218": [
        "Neoplasms, Fibrous Tissue"
    ],
    "D018324": [
        "Hemangioma, Capillary"
    ],
    "D013169": [
        "Spondylolysis"
    ],
    "D008309": [
        "Mallory-Weiss Syndrome"
    ],
    "D001446": [
        "Balanitis"
    ],
    "D056784": [
        "Leukoencephalopathies"
    ],
    "D010025": [
        "Osteoradionecrosis"
    ],
    "D015826": [
        "Langer-Giedion Syndrome"
    ],
    "D009383": [
        "Neoplasms, Vascular Tissue"
    ],
    "D003027": [
        "Cluster Headache"
    ],
    "D020421": [
        "Vagus Nerve Diseases"
    ],
    "D006833": [
        "Hydrarthrosis"
    ],
    "D018159": [
        "Endolymphatic Hydrops"
    ],
    "D007767": [
        "Lacrimal Duct Obstruction"
    ],
    "D007729": [
        "Kuru"
    ],
    "D007499": [
        "Iris Diseases"
    ],
    "D020189": [
        "Nocturnal Myoclonus Syndrome"
    ],
    "D020191": [
        "Myoclonic Epilepsies, Progressive"
    ],
    "D018305": [
        "Ganglioneuroblastoma"
    ],
    "D020435": [
        "Glossopharyngeal Nerve Diseases"
    ],
    "D051303": [
        "Trigeminal Autonomic Cephalalgias"
    ],
    "D010002": [
        "Osteitis Fibrosa Cystica"
    ],
    "D007715": [
        "Klippel-Trenaunay-Weber Syndrome"
    ],
    "D020447": [
        "Parasomnias"
    ],
    "D002128": [
        "Calcium Metabolism Disorders"
    ],
    "D018214": [
        "Fibroma, Ossifying"
    ],
    "D014603": [
        "Uveal Diseases"
    ],
    "D017789": [
        "Granuloma, Pyogenic"
    ],
    "D007906": [
        "Lens Subluxation"
    ],
    "D019150": [
        "Neuroaxonal Dystrophies"
    ],
    "D020188": [
        "Sleep Paralysis"
    ],
    "D020183": [
        "Nocturnal Paroxysmal Dystonia"
    ],
    "D018887": [
        "Landau-Kleffner Syndrome"
    ],
    "D058674": [
        "Chromosome Duplication"
    ],
    "D020937": [
        "Epilepsy, Partial, Sensory"
    ],
    "D025064": [
        "Sex Chromosome Disorders"
    ],
    "D005886": [
        "Gingival Hypertrophy"
    ],
    "D005358": [
        "Fibrous Dysplasia, Monostotic"
    ],
    "D018240": [
        "Endodermal Sinus Tumor"
    ],
    "D054877": [
        "Wolf-Hirschhorn Syndrome"
    ],
    "D046730": [
        "Colitis, Lymphocytic"
    ],
    "D000235": [
        "Adenolymphoma"
    ],
    "D057049": [
        "Thrombotic Microangiopathies"
    ],
    "D008532": [
        "Megacolon, Toxic"
    ],
    "D019687": [
        "Uterine Inversion"
    ],
    "D018278": [
        "Carcinoma, Neuroendocrine"
    ],
    "D006409": [
        "Hematometra"
    ],
    "D013330": [
        "Struma Ovarii"
    ],
    "D018249": [
        "Adenoma, Oxyphilic"
    ],
    "D018282": [
        "Cystadenocarcinoma, Mucinous"
    ],
    "D041761": [
        "Cholecystolithiasis"
    ],
    "D004383": [
        "Duodenogastric Reflux"
    ],
    "D017439": [
        "Cicatrix, Hypertrophic"
    ],
    "D018253": [
        "Adenoma, Villous"
    ],
    "D042883": [
        "Choledocholithiasis"
    ],
    "D018262": [
        "Adenocarcinoma, Clear Cell"
    ],
    "D044504": [
        "Enterocolitis, Neutropenic"
    ],
    "D054972": [
        "Postural Orthostatic Tachycardia Syndrome"
    ],
    "D051271": [
        "Headache Disorders, Secondary"
    ],
    "D034321": [
        "Hyperamylasemia"
    ],
    "D054364": [
        "Solitary Fibrous Tumors"
    ],
    "D021182": [
        "Wheat Hypersensitivity"
    ],
    "D016888": [
        "Angiodysplasia"
    ],
    "D018211": [
        "Chondrosarcoma, Mesenchymal"
    ],
    "D006399": [
        "Hematocolpos"
    ],
    "D016586": [
        "Granular Cell Tumor"
    ],
    "D054850": [
        "Osteophyte"
    ],
    "D007973": [
        "Leukorrhea"
    ],
    "D050805": [
        "Wandering Spleen"
    ],
    "D018292": [
        "Cystadenoma, Papillary"
    ],
    "D021865": [
        "Isosporiasis"
    ],
    "D018195": [
        "Adenosarcoma"
    ],
    "D018261": [
        "Mesothelioma, Cystic"
    ],
    "D007725": [
        "Krukenberg Tumor"
    ],
    "D046728": [
        "Colitis, Microscopic"
    ],
    "D029481": [
        "Bronchitis, Chronic"
    ],
    "D002313": [
        "Cardiomyopathy, Restrictive"
    ],
    "D003289": [
        "Convalescence"
    ],
    "D003807": [
        "Dentin Sensitivity"
    ],
    "D008010": [
        "Lichen Planus"
    ],
    "D001248": [
        "Asthenopia"
    ],
    "D015867": [
        "Uveitis, Intermediate"
    ],
    "D002054": [
        "Burning Mouth Syndrome"
    ],
    "D001079": [
        "Apudoma"
    ],
    "D000839": [
        "Aniseikonia"
    ],
    "D014593": [
        "Uterine Inertia"
    ],
    "D008269": [
        "Macular Edema"
    ],
    "D009755": [
        "Night Blindness"
    ],
    "D054143": [
        "Heart Failure, Systolic"
    ],
    "D058625": [
        "End Stage Liver Disease"
    ],
    "D010520": [
        "Aggressive Periodontitis"
    ],
    "D018467": [
        "Positive-Pressure Respiration, Intrinsic"
    ],
    "D054059": [
        "Coronary Occlusion"
    ],
    "D003788": [
        "Dental Pulp Diseases"
    ],
    "D011671": [
        "Pulpitis"
    ],
    "D011625": [
        "Pterygium"
    ],
    "D018630": [
        "Vitreoretinopathy, Proliferative"
    ],
    "D007724": [
        "Vulvar Lichen Sclerosus"
    ],
    "D004413": [
        "Dysostoses"
    ],
    "D015355": [
        "Glaucoma, Neovascular"
    ],
    "D048550": [
        "Hepatic Insufficiency"
    ],
    "D053713": [
        "Azoospermia"
    ],
    "D020147": [
        "Coagulation Protein Disorders"
    ],
    "D005409": [
        "Flail Chest"
    ],
    "D001329": [
        "Autolysis"
    ],
    "D016720": [
        "Pneumocystis Infections"
    ],
    "D025241": [
        "Spondylarthritis"
    ],
    "D006045": [
        "Goiter, Substernal"
    ],
    "D003528": [
        "Carcinoma, Adenoid Cystic"
    ],
    "D015814": [
        "Ocular Hypotension"
    ],
    "D014079": [
        "Tooth Eruption, Ectopic"
    ],
    "D010032": [
        "Otitis Externa"
    ],
    "D051302": [
        "Paroxysmal Hemicrania"
    ],
    "D018286": [
        "Carcinoma, Giant Cell"
    ],
    "D008878": [
        "Middle Lobe Syndrome"
    ],
    "D023903": [
        "Coronary Restenosis"
    ],
    "D020315": [
        "Latex Hypersensitivity"
    ],
    "D021921": [
        "Aortic Stenosis, Supravalvular"
    ],
    "D018208": [
        "Liposarcoma, Myxoid"
    ],
    "D018233": [
        "Rhabdomyosarcoma, Embryonal"
    ],
    "D011535": [
        "Prune Belly Syndrome"
    ],
    "D044584": [
        "Carcinoma, Ductal"
    ],
    "D021922": [
        "Discrete Subaortic Stenosis"
    ],
    "D054970": [
        "Pure Autonomic Failure"
    ],
    "D018289": [
        "Carcinoma, Verrucous"
    ],
    "D010981": [
        "Platelet Storage Pool Deficiency"
    ],
    "D034062": [
        "Insomnia, Fatal Familial"
    ],
    "D018224": [
        "Myofibromatosis"
    ],
    "D014849": [
        "Waardenburg's Syndrome"
    ],
    "D001935": [
        "Branchioma"
    ],
    "D007160": [
        "Immunoproliferative Disorders"
    ],
    "D009808": [
        "Odontogenic Tumors"
    ],
    "D018252": [
        "Syringoma"
    ],
    "D010145": [
        "Paget Disease, Extramammary"
    ],
    "D018309": [
        "Neoplasms, Gonadal Tissue"
    ],
    "D010008": [
        "Osteochondritis Dissecans"
    ],
    "D057868": [
        "Anastomotic Leak"
    ],
    "D020177": [
        "Hypersomnolence, Idiopathic"
    ],
    "D017593": [
        "Kleine-Levin Syndrome"
    ],
    "D004483": [
        "Ectropion"
    ],
    "D047728": [
        "Myopia, Degenerative"
    ],
    "D054070": [
        "Postthrombotic Syndrome"
    ],
    "D000153": [
        "Acne Keloid"
    ],
    "D007402": [
        "Intertrigo"
    ],
    "D007446": [
        "Chromosome Inversion"
    ],
    "D006607": [
        "Adenoma, Sweat Gland"
    ],
    "D011151": [
        "Popliteal Cyst"
    ],
    "D008204": [
        "Lymphangiosarcoma"
    ],
    "D000564": [
        "Ameloblastoma"
    ],
    "D000387": [
        "Ainhum"
    ],
    "D006226": [
        "Hand Deformities"
    ],
    "D012215": [
        "Rheumatic Nodule"
    ],
    "D058566": [
        "Sacroiliitis"
    ],
    "D015838": [
        "Chondromatosis, Synovial"
    ],
    "D007594": [
        "Joint Loose Bodies"
    ],
    "D002613": [
        "Cheilitis"
    ],
    "D008882": [
        "Mikulicz' Disease"
    ],
    "D014063": [
        "Tongue, Fissured"
    ],
    "D050798": [
        "SUNCT Syndrome"
    ],
    "D007905": [
        "Lens Diseases"
    ],
    "D016727": [
        "Orbital Pseudotumor"
    ],
    "D000793": [
        "Angioid Streaks"
    ],
    "D007500": [
        "Iritis"
    ],
    "D010263": [
        "Paraphimosis"
    ],
    "D002575": [
        "Uterine Cervicitis"
    ],
    "D000652": [
        "Amniotic Band Syndrome"
    ],
    "D017441": [
        "Necrobiotic Disorders"
    ],
    "D015435": [
        "Panniculitis, Lupus Erythematosus"
    ],
    "D045745": [
        "Scleroderma, Limited"
    ],
    "D005925": [
        "Glomus Jugulare Tumor"
    ],
    "D020429": [
        "Tibial Neuropathy"
    ],
    "D012897": [
        "Slow Virus Diseases"
    ],
    "D006616": [
        "Hip Contracture"
    ],
    "D057096": [
        "Shellfish Poisoning"
    ],
    "D019280": [
        "Branchio-Oto-Renal Syndrome"
    ],
    "D041441": [
        "Retinoschisis"
    ],
    "D043604": [
        "Glomus Tympanicum Tumor"
    ],
    "D043171": [
        "Chromosomal Instability"
    ],
    "D009810": [
        "Odontoma"
    ],
    "D050174": [
        "Genetic Diseases, Y-Linked"
    ],
    "D054391": [
        "Lymphoma, Extranodal NK-T-Cell"
    ],
    "D004774": [
        "Entropion"
    ],
    "D011305": [
        "Presbyopia"
    ],
    "D018229": [
        "Angiomyoma"
    ],
    "D020255": [
        "Vitreous Detachment"
    ],
    "D017889": [
        "Exfoliation Syndrome"
    ],
    "D012181": [
        "Retrocochlear Diseases"
    ],
    "D020184": [
        "Night Terrors"
    ],
    "D020922": [
        "Sleep-Wake Transition Disorders"
    ],
    "D014086": [
        "Tooth Mobility"
    ],
    "D005929": [
        "Glossitis, Benign Migratory"
    ],
    "D000239": [
        "Adenoma, Acidophil"
    ],
    "D009625": [
        "Noma"
    ],
    "D008313": [
        "Malocclusion, Angle Class III"
    ],
    "D011226": [
        "Pre-Excitation Syndromes"
    ],
    "D012797": [
        "Sialometaplasia, Necrotizing"
    ],
    "D057066": [
        "Low Tension Glaucoma"
    ],
    "D010497": [
        "Pericoronitis"
    ],
    "D008594": [
        "Menopause, Premature"
    ],
    "D020955": [
        "Striatonigral Degeneration"
    ],
    "D001913": [
        "Bowen's Disease"
    ],
    "D053684": [
        "De Quervain Disease"
    ],
    "D052582": [
        "Trigger Finger Disorder"
    ],
    "D005889": [
        "Gingival Recession"
    ],
    "D024343": [
        "Open Bite"
    ],
    "D015593": [
        "Retinal Drusen"
    ],
    "D002873": [
        "Chromosome Fragility"
    ],
    "D036982": [
        "Heel Spur"
    ],
    "D004368": [
        "Dry Socket"
    ],
    "D009914": [
        "Oral Submucous Fibrosis"
    ],
    "D018321": [
        "Neurothekeoma"
    ],
    "D055034": [
        "Osteochondrosis"
    ],
    "D020859": [
        "Hallux Rigidus"
    ],
    "D053682": [
        "Tendon Entrapment"
    ],
    "D005888": [
        "Gingival Pocket"
    ],
    "D051298": [
        "Post-Traumatic Headache"
    ],
    "D002579": [
        "Uterine Cervical Erosion"
    ],
    "D054515": [
        "Vulvar Vestibulitis"
    ],
    "D011146": [
        "Eczema, Dyshidrotic"
    ],
    "D010241": [
        "Parakeratosis"
    ],
    "D018459": [
        "Lichen Sclerosus et Atrophicus"
    ],
    "D055035": [
        "Spinal Osteochondrosis"
    ],
    "D055111": [
        "Failed Back Surgery Syndrome"
    ],
    "D010916": [
        "Pityriasis Rubra Pilaris"
    ],
    "D014097": [
        "Tooth, Unerupted"
    ],
    "D000237": [
        "Adenoma, Basophil"
    ],
    "D019553": [
        "Tooth, Nonvital"
    ],
    "D015858": [
        "Anisometropia"
    ],
    "D057108": [
        "Corneal Wavefront Aberration"
    ],
    "D057130": [
        "Leber Congenital Amaurosis"
    ],
    "D056833": [
        "Central Serous Chorioretinopathy"
    ],
    "D057135": [
        "Wet Macular Degeneration"
    ],
    "D058499": [
        "Retinal Dystrophies"
    ],
    "D017515": [
        "Pityriasis Rosea"
    ],
    "D058442": [
        "Capsule Opacification"
    ],
    "D055496": [
        "Neurogenic Bowel"
    ],
    "D057072": [
        "Intra-Articular Fractures"
    ],
    "D058426": [
        "Neointima"
    ],
    "D003763": [
        "Dental Leakage"
    ],
    "D018285": [
        "Klatskin's Tumor"
    ],
    "D014323": [
        "Trombiculiasis"
    ],
    "D017513": [
        "Lichen Nitidus"
    ],
    "D005588": [
        "Fox-Fordyce Disease"
    ],
    "D000750": [
        "Anemia, Myelophthisic"
    ],
    "D057092": [
        "Geographic Atrophy"
    ]
}