{
    "D019588": [
        "Aging, Premature"
    ],
    "D005334": [
        "Fever"
    ],
    "D007035": [
        "Hypothermia"
    ],
    "D001835": [
        "Body Weight"
    ],
    "D001724": [
        "Birth Weight"
    ],
    "D015431": [
        "Weight Loss"
    ],
    "D003490": [
        "Cyanosis"
    ],
    "D009122": [
        "Muscle Hypertonia"
    ],
    "D009127": [
        "Muscle Rigidity"
    ],
    "D018908": [
        "Muscle Weakness"
    ],
    "D011782": [
        "Quadriplegia"
    ],
    "D012021": [
        "Reflex, Abnormal"
    ],
    "D012640": [
        "Seizures"
    ],
    "D015746": [
        "Abdominal Pain"
    ],
    "D000855": [
        "Anorexia"
    ],
    "D003968": [
        "Diarrhea, Infantile"
    ],
    "D009325": [
        "Nausea"
    ],
    "D000860": [
        "Anoxia"
    ],
    "D001049": [
        "Apnea"
    ],
    "D003371": [
        "Cough"
    ],
    "D004417": [
        "Dyspnea"
    ],
    "D006469": [
        "Hemoptysis"
    ],
    "D006935": [
        "Hypercapnia"
    ],
    "D006985": [
        "Hyperventilation"
    ],
    "D053120": [
        "Respiratory Aspiration"
    ],
    "D012135": [
        "Respiratory Sounds"
    ],
    "D011507": [
        "Proteinuria"
    ],
    "D015430": [
        "Weight Gain"
    ],
    "D002100": [
        "Cachexia"
    ],
    "D009765": [
        "Obesity"
    ],
    "D004487": [
        "Edema"
    ],
    "D010243": [
        "Paralysis"
    ],
    "D006311": [
        "Hearing Disorders"
    ],
    "D034381": [
        "Hearing Loss"
    ],
    "D006314": [
        "Hearing Loss, Conductive"
    ],
    "D006319": [
        "Hearing Loss, Sensorineural"
    ],
    "D012893": [
        "Sleep Disorders"
    ],
    "D012892": [
        "Sleep Deprivation"
    ],
    "D009912": [
        "Oral Manifestations"
    ],
    "D003967": [
        "Diarrhea"
    ],
    "D018496": [
        "Hyperoxia"
    ],
    "D012912": [
        "Sneezing"
    ],
    "D001247": [
        "Asthenia"
    ],
    "D005335": [
        "Fever of Unknown Origin"
    ],
    "D005320": [
        "Fetal Macrosomia"
    ],
    "D004614": [
        "Emaciation"
    ],
    "D050177": [
        "Overweight"
    ],
    "D009767": [
        "Obesity, Morbid"
    ],
    "D013851": [
        "Thinness"
    ],
    "D002303": [
        "Cardiac Output, Low"
    ],
    "D015160": [
        "Hydrops Fetalis"
    ],
    "D005130": [
        "Eye Hemorrhage"
    ],
    "D005221": [
        "Fatigue"
    ],
    "D005316": [
        "Fetal Distress"
    ],
    "D019584": [
        "Hot Flashes"
    ],
    "D006942": [
        "Hypergammaglobulinemia"
    ],
    "D051346": [
        "Mobility Limitation"
    ],
    "D002558": [
        "Cerebrospinal Fluid Otorrhea"
    ],
    "D020820": [
        "Dyskinesias"
    ],
    "D001259": [
        "Ataxia"
    ],
    "D002524": [
        "Cerebellar Ataxia"
    ],
    "D020234": [
        "Gait Ataxia"
    ],
    "D001264": [
        "Athetosis"
    ],
    "D002819": [
        "Chorea"
    ],
    "D004421": [
        "Dystonia"
    ],
    "D006948": [
        "Hyperkinesis"
    ],
    "D018476": [
        "Hypokinesia"
    ],
    "D009207": [
        "Myoclonus"
    ],
    "D011595": [
        "Psychomotor Agitation"
    ],
    "D017109": [
        "Akathisia, Drug-Induced"
    ],
    "D020323": [
        "Tics"
    ],
    "D014202": [
        "Tremor"
    ],
    "D020233": [
        "Gait Disorders, Neurologic"
    ],
    "D008580": [
        "Meningism"
    ],
    "D001072": [
        "Apraxias"
    ],
    "D002389": [
        "Catatonia"
    ],
    "D003147": [
        "Communication Disorders"
    ],
    "D007806": [
        "Language Disorders"
    ],
    "D004410": [
        "Dyslexia"
    ],
    "D020237": [
        "Alexia, Pure"
    ],
    "D007805": [
        "Language Development Disorders"
    ],
    "D013064": [
        "Speech Disorders"
    ],
    "D001037": [
        "Aphasia"
    ],
    "D001039": [
        "Aphasia, Broca"
    ],
    "D004401": [
        "Dysarthria"
    ],
    "D007859": [
        "Learning Disorders"
    ],
    "D003221": [
        "Confusion"
    ],
    "D003693": [
        "Delirium"
    ],
    "D003244": [
        "Consciousness Disorders"
    ],
    "D014474": [
        "Unconsciousness"
    ],
    "D003128": [
        "Coma"
    ],
    "D013575": [
        "Syncope"
    ],
    "D008569": [
        "Memory Disorders"
    ],
    "D000647": [
        "Amnesia"
    ],
    "D008607": [
        "Mental Retardation"
    ],
    "D001308": [
        "Auditory Perceptual Disorders"
    ],
    "D006212": [
        "Hallucinations"
    ],
    "D011596": [
        "Psychomotor Disorders"
    ],
    "D009120": [
        "Muscle Cramp"
    ],
    "D009128": [
        "Muscle Spasticity"
    ],
    "D009123": [
        "Muscle Hypotonia"
    ],
    "D009133": [
        "Muscular Atrophy"
    ],
    "D009222": [
        "Myotonia"
    ],
    "D013746": [
        "Tetany"
    ],
    "D010146": [
        "Pain"
    ],
    "D001416": [
        "Back Pain"
    ],
    "D017116": [
        "Low Back Pain"
    ],
    "D005157": [
        "Facial Pain"
    ],
    "D006261": [
        "Headache"
    ],
    "D019547": [
        "Neck Pain"
    ],
    "D009437": [
        "Neuralgia"
    ],
    "D051474": [
        "Neuralgia, Postherpetic"
    ],
    "D012585": [
        "Sciatica"
    ],
    "D010148": [
        "Pain, Intractable"
    ],
    "D005158": [
        "Facial Paralysis"
    ],
    "D018589": [
        "Gastroparesis"
    ],
    "D006429": [
        "Hemiplegia"
    ],
    "D009886": [
        "Ophthalmoplegia"
    ],
    "D017246": [
        "Ophthalmoplegia, Chronic Progressive External"
    ],
    "D010264": [
        "Paraplegia"
    ],
    "D020828": [
        "Pseudobulbar Palsy"
    ],
    "D012133": [
        "Respiratory Paralysis"
    ],
    "D014826": [
        "Vocal Cord Paralysis"
    ],
    "D010291": [
        "Paresis"
    ],
    "D020335": [
        "Paraparesis"
    ],
    "D020336": [
        "Paraparesis, Spastic"
    ],
    "D011602": [
        "Psychophysiologic Disorders"
    ],
    "D012678": [
        "Sensation Disorders"
    ],
    "D004244": [
        "Dizziness"
    ],
    "D003638": [
        "Deafness"
    ],
    "D006312": [
        "Hearing Loss, Bilateral"
    ],
    "D006317": [
        "Hearing Loss, Noise-Induced"
    ],
    "D014012": [
        "Tinnitus"
    ],
    "D000857": [
        "Olfaction Disorders"
    ],
    "D020886": [
        "Somatosensory Disorders"
    ],
    "D006930": [
        "Hyperalgesia"
    ],
    "D006941": [
        "Hyperesthesia"
    ],
    "D006987": [
        "Hypesthesia"
    ],
    "D010292": [
        "Paresthesia"
    ],
    "D013651": [
        "Taste Disorders"
    ],
    "D004408": [
        "Dysgeusia"
    ],
    "D014786": [
        "Vision Disorders"
    ],
    "D001766": [
        "Blindness"
    ],
    "D019575": [
        "Blindness, Cortical"
    ],
    "D003117": [
        "Color Vision Defects"
    ],
    "D004172": [
        "Diplopia"
    ],
    "D006423": [
        "Hemianopsia"
    ],
    "D015354": [
        "Vision, Low"
    ],
    "D001750": [
        "Urinary Bladder, Neurogenic"
    ],
    "D014717": [
        "Vertigo"
    ],
    "D014832": [
        "Voice Disorders"
    ],
    "D006685": [
        "Hoarseness"
    ],
    "D006472": [
        "Oral Hemorrhage"
    ],
    "D000006": [
        "Abdomen, Acute"
    ],
    "D003085": [
        "Colic"
    ],
    "D018771": [
        "Arthralgia"
    ],
    "D002637": [
        "Chest Pain"
    ],
    "D000787": [
        "Angina Pectoris"
    ],
    "D054058": [
        "Acute Coronary Syndrome"
    ],
    "D000789": [
        "Angina, Unstable"
    ],
    "D004433": [
        "Earache"
    ],
    "D014098": [
        "Toothache"
    ],
    "D010149": [
        "Pain, Postoperative"
    ],
    "D017699": [
        "Pelvic Pain"
    ],
    "D003248": [
        "Constipation"
    ],
    "D004415": [
        "Dyspepsia"
    ],
    "D005414": [
        "Flatulence"
    ],
    "D006356": [
        "Heartburn"
    ],
    "D006606": [
        "Hiccup"
    ],
    "D006963": [
        "Hyperphagia"
    ],
    "D002032": [
        "Bulimia"
    ],
    "D014839": [
        "Vomiting"
    ],
    "D006396": [
        "Hematemesis"
    ],
    "D009058": [
        "Mouth Breathing"
    ],
    "D012913": [
        "Snoring"
    ],
    "D004438": [
        "Ecchymosis"
    ],
    "D007565": [
        "Jaundice"
    ],
    "D041781": [
        "Jaundice, Obstructive"
    ],
    "D011537": [
        "Pruritus"
    ],
    "D014008": [
        "Tinea Pedis"
    ],
    "D011693": [
        "Purpura"
    ],
    "D011695": [
        "Purpura, Schoenlein-Henoch"
    ],
    "D011696": [
        "Purpura, Thrombocytopenic"
    ],
    "D016553": [
        "Purpura, Thrombocytopenic, Idiopathic"
    ],
    "D011697": [
        "Purpura, Thrombotic Thrombocytopenic"
    ],
    "D053565": [
        "Hypercalciuria"
    ],
    "D011141": [
        "Polyuria"
    ],
    "D000419": [
        "Albuminuria"
    ],
    "D006456": [
        "Hemoglobinuria"
    ],
    "D014549": [
        "Urinary Incontinence"
    ],
    "D014770": [
        "Virilism"
    ],
    "D009461": [
        "Neurologic Manifestations"
    ],
    "D014103": [
        "Torticollis"
    ],
    "D001041": [
        "Aphasia, Wernicke"
    ],
    "D013342": [
        "Stuttering"
    ],
    "D005862": [
        "Gerstmann Syndrome"
    ],
    "D007088": [
        "Illusions"
    ],
    "D010591": [
        "Phantom Limb"
    ],
    "D013035": [
        "Spasm"
    ],
    "D001405": [
        "Reflex, Babinski"
    ],
    "D006313": [
        "Hearing Loss, Central"
    ],
    "D003639": [
        "Hearing Loss, Sudden"
    ],
    "D012001": [
        "Hyperacusis"
    ],
    "D020069": [
        "Shoulder Pain"
    ],
    "D005311": [
        "Fetal Hypoxia"
    ],
    "D012877": [
        "Skin Manifestations"
    ],
    "D014550": [
        "Urinary Incontinence, Stress"
    ],
    "D023341": [
        "Chills"
    ],
    "D004489": [
        "Edema, Cardiac"
    ],
    "D005222": [
        "Mental Fatigue"
    ],
    "D005262": [
        "Feminization"
    ],
    "D005483": [
        "Flushing"
    ],
    "D007383": [
        "Intermittent Claudication"
    ],
    "D009041": [
        "Motion Sickness"
    ],
    "D002559": [
        "Cerebrospinal Fluid Rhinorrhea"
    ],
    "D019462": [
        "Syncope, Vasovagal"
    ],
    "D053609": [
        "Lethargy"
    ],
    "D010468": [
        "Perceptual Disorders"
    ],
    "D014313": [
        "Trismus"
    ],
    "D011681": [
        "Pupil Disorders"
    ],
    "D006732": [
        "Horner Syndrome"
    ],
    "D012607": [
        "Scotoma"
    ],
    "D000788": [
        "Angina Pectoris, Variant"
    ],
    "D045262": [
        "Reticulocytosis"
    ],
    "D020250": [
        "Postoperative Nausea and Vomiting"
    ],
    "D006939": [
        "Hyperemesis Gravidarum"
    ],
    "D014840": [
        "Vomiting, Anticipatory"
    ],
    "D004418": [
        "Dyspnea, Paroxysmal"
    ],
    "D007040": [
        "Hypoventilation"
    ],
    "D054068": [
        "Livedo Reticularis"
    ],
    "D053159": [
        "Dysuria"
    ],
    "D006628": [
        "Hirsutism"
    ],
    "D006316": [
        "Hearing Loss, High-Frequency"
    ],
    "D055154": [
        "Dysphonia"
    ],
    "D005926": [
        "Glossalgia"
    ],
    "D006209": [
        "Halitosis"
    ],
    "D019080": [
        "Cafe-au-Lait Spots"
    ],
    "D016534": [
        "Cardiac Output, High"
    ],
    "D005132": [
        "Eye Manifestations"
    ],
    "D006337": [
        "Heart Murmurs"
    ],
    "D046088": [
        "Hearing Loss, Unilateral"
    ],
    "D000550": [
        "Amblyopia"
    ],
    "D020795": [
        "Photophobia"
    ],
    "D019591": [
        "Pseudophakia"
    ],
    "D010167": [
        "Pallor"
    ],
    "D014884": [
        "Waterhouse-Friderichsen Syndrome"
    ],
    "D009846": [
        "Oliguria"
    ],
    "D021501": [
        "Flank Pain"
    ],
    "D020567": [
        "Fetal Weight"
    ],
    "D009155": [
        "Mutism"
    ],
    "D046089": [
        "Hearing Loss, Mixed Conductive-Sensorineural"
    ],
    "D020757": [
        "Amaurosis Fugax"
    ],
    "D011694": [
        "Purpura, Hyperglobulinemic"
    ],
    "D018458": [
        "Persistent Vegetative State"
    ],
    "D055948": [
        "Sarcopenia"
    ],
    "D011304": [
        "Presbycusis"
    ],
    "D053448": [
        "Prostatism"
    ],
    "D053591": [
        "Pain, Referred"
    ],
    "D018437": [
        "Brown-Sequard Syndrome"
    ],
    "D004412": [
        "Dysmenorrhea"
    ],
    "D002639": [
        "Cheyne-Stokes Respiration"
    ],
    "D048949": [
        "Labor Pain"
    ],
    "D001184": [
        "Articulation Disorders"
    ],
    "D005683": [
        "Gagging"
    ],
    "D013494": [
        "Supranuclear Palsy, Progressive"
    ],
    "D000377": [
        "Agnosia"
    ],
    "D005207": [
        "Fasciculation"
    ],
    "D037061": [
        "Metatarsalgia"
    ],
    "D000370": [
        "Ageusia"
    ],
    "D001044": [
        "Aphonia"
    ],
    "D055665": [
        "Purpura Fulminans"
    ],
    "D020235": [
        "Gait Apraxia"
    ],
    "D054971": [
        "Orthostatic Intolerance"
    ],
    "D016857": [
        "Hypocapnia"
    ],
    "D020238": [
        "Prosopagnosia"
    ],
    "D015875": [
        "Anisocoria"
    ],
    "D053201": [
        "Urinary Bladder, Overactive"
    ],
    "D020915": [
        "Korsakoff Syndrome"
    ],
    "D003655": [
        "Decerebrate State"
    ],
    "D015877": [
        "Miosis"
    ],
    "D058568": [
        "Necrolytic Migratory Erythema"
    ],
    "D046608": [
        "Synkinesis"
    ],
    "D019569": [
        "Hemifacial Spasm"
    ],
    "D006315": [
        "Hearing Loss, Functional"
    ],
    "D000381": [
        "Agraphia"
    ],
    "D004411": [
        "Dyslexia, Acquired"
    ],
    "D052245": [
        "Usher Syndromes"
    ],
    "D002375": [
        "Catalepsy"
    ],
    "D055964": [
        "Alien Hand Syndrome"
    ],
    "D000849": [
        "Anomia"
    ],
    "D018886": [
        "Aphasia, Conduction"
    ],
    "D018888": [
        "Aphasia, Primary Progressive"
    ],
    "D053608": [
        "Stupor"
    ],
    "D020324": [
        "Amnesia, Anterograde"
    ],
    "D000648": [
        "Amnesia, Retrograde"
    ],
    "D020240": [
        "Apraxia, Ideomotor"
    ],
    "D015845": [
        "Tonic Pupil"
    ],
    "D004688": [
        "Encopresis"
    ],
    "D004454": [
        "Echolalia"
    ],
    "D000334": [
        "Aerophagy"
    ],
    "D004884": [
        "Eructation"
    ],
    "D053202": [
        "Urinary Incontinence, Urge"
    ],
    "D020236": [
        "Amnesia, Transient Global"
    ],
    "D020385": [
        "Myokymia"
    ],
    "D057178": [
        "Primary Progressive Nonfluent Aphasia"
    ],
    "D003303": [
        "Coprophagia"
    ],
    "D053158": [
        "Nocturia"
    ],
    "D018489": [
        "Space Motion Sickness"
    ],
    "D056844": [
        "Renal Colic"
    ],
    "D053584": [
        "Urinoma"
    ],
    "D054160": [
        "Systolic Murmurs"
    ],
    "D057896": [
        "Striae Distensae"
    ],
    "D048968": [
        "Morning Sickness"
    ],
    "D058447": [
        "Eye Pain"
    ],
    "D018614": [
        "Sweating Sickness"
    ],
    "D055955": [
        "Susac Syndrome"
    ],
    "D056124": [
        "Slit Ventricle Syndrome"
    ],
    "D055958": [
        "Piriformis Muscle Syndrome"
    ]
}